Column1,¿Ã∏ß,æ«¿Â,.mid,format0,mp3,ogg
0,"Espa?a, Opus 165(1890)",1,http://www.piano-midi.de/midis/albeniz/alb_esp1.mid,http://www.piano-midi.de/midis/albeniz/alb_esp1_format0.mid,http://www.piano-midi.de/mp3/albeniz/alb_esp1.mp3,http://www.piano-midi.de/ogg/albeniz/alb_esp1.ogg
1,"Espa?a, Opus 165(1890)",2,http://www.piano-midi.de/midis/albeniz/alb_esp2.mid,http://www.piano-midi.de/midis/albeniz/alb_esp2_format0.mid,http://www.piano-midi.de/mp3/albeniz/alb_esp2.mp3,http://www.piano-midi.de/ogg/albeniz/alb_esp2.ogg
2,"Espa?a, Opus 165(1890)",3,http://www.piano-midi.de/midis/albeniz/alb_esp3.mid,http://www.piano-midi.de/midis/albeniz/alb_esp3_format0.mid,http://www.piano-midi.de/mp3/albeniz/alb_esp3.mp3,http://www.piano-midi.de/ogg/albeniz/alb_esp3.ogg
3,"Espa?a, Opus 165(1890)",4,http://www.piano-midi.de/midis/albeniz/alb_esp4.mid,http://www.piano-midi.de/midis/albeniz/alb_esp4_format0.mid,http://www.piano-midi.de/mp3/albeniz/alb_esp4.mp3,http://www.piano-midi.de/ogg/albeniz/alb_esp4.ogg
4,"Espa?a, Opus 165(1890)",5,http://www.piano-midi.de/midis/albeniz/alb_esp5.mid,http://www.piano-midi.de/midis/albeniz/alb_esp5_format0.mid,http://www.piano-midi.de/mp3/albeniz/alb_esp5.mp3,http://www.piano-midi.de/ogg/albeniz/alb_esp5.ogg
5,"Espa?a, Opus 165(1890)",6,http://www.piano-midi.de/midis/albeniz/alb_esp6.mid,http://www.piano-midi.de/midis/albeniz/alb_esp6_format0.mid,http://www.piano-midi.de/mp3/albeniz/alb_esp6.mp3,http://www.piano-midi.de/ogg/albeniz/alb_esp6.ogg
6,Suite espa?ola(1886),1,http://www.piano-midi.de/midis/albeniz/alb_se1.mid,http://www.piano-midi.de/midis/albeniz/alb_se1_format0.mid,http://www.piano-midi.de/mp3/albeniz/alb_se1.mp3,http://www.piano-midi.de/ogg/albeniz/alb_se1.ogg
7,Suite espa?ola(1886),2,http://www.piano-midi.de/midis/albeniz/alb_se2.mid,http://www.piano-midi.de/midis/albeniz/alb_se2_format0.mid,http://www.piano-midi.de/mp3/albeniz/alb_se2.mp3,http://www.piano-midi.de/ogg/albeniz/alb_se2.ogg
8,Suite espa?ola(1886),3,http://www.piano-midi.de/midis/albeniz/alb_se3.mid,http://www.piano-midi.de/midis/albeniz/alb_se3_format0.mid,http://www.piano-midi.de/mp3/albeniz/alb_se3.mp3,http://www.piano-midi.de/ogg/albeniz/alb_se3.ogg
9,Suite espa?ola(1886),4,http://www.piano-midi.de/midis/albeniz/alb_se4.mid,http://www.piano-midi.de/midis/albeniz/alb_se4_format0.mid,http://www.piano-midi.de/mp3/albeniz/alb_se4.mp3,http://www.piano-midi.de/ogg/albeniz/alb_se4.ogg
10,Suite espa?ola(1886),5,http://www.piano-midi.de/midis/albeniz/alb_se5.mid,http://www.piano-midi.de/midis/albeniz/alb_se5_format0.mid,http://www.piano-midi.de/mp3/albeniz/alb_se5.mp3,http://www.piano-midi.de/ogg/albeniz/alb_se5.ogg
11,Suite espa?ola(1886),6,http://www.piano-midi.de/midis/albeniz/alb_se6.mid,http://www.piano-midi.de/midis/albeniz/alb_se6_format0.mid,http://www.piano-midi.de/mp3/albeniz/alb_se6.mp3,http://www.piano-midi.de/ogg/albeniz/alb_se6.ogg
12,Suite espa?ola(1886),7,http://www.piano-midi.de/midis/albeniz/alb_se7.mid,http://www.piano-midi.de/midis/albeniz/alb_se7_format0.mid,http://www.piano-midi.de/mp3/albeniz/alb_se7.mp3,http://www.piano-midi.de/ogg/albeniz/alb_se7.ogg
13,Suite espa?ola(1886),8,http://www.piano-midi.de/midis/albeniz/alb_se8.mid,http://www.piano-midi.de/midis/albeniz/alb_se8_format0.mid,http://www.piano-midi.de/mp3/albeniz/alb_se8.mp3,http://www.piano-midi.de/ogg/albeniz/alb_se8.ogg
14,"The Well-Tempered Clavier Part I, BWV 846-869(1722)",1,http://www.piano-midi.de/midis/bach/bach_846.mid,http://www.piano-midi.de/midis/bach/bach_846_format0.mid,http://www.piano-midi.de/mp3/bach/bach_846.mp3,http://www.piano-midi.de/midis/bach/bach_847.mid
15,"The Well-Tempered Clavier Part I, BWV 846-869(1722)",2,http://www.piano-midi.de/midis/bach/bach_847_format0.mid,http://www.piano-midi.de/mp3/bach/bach_847.mp3,http://www.piano-midi.de/midis/bach/bach_850.mid,http://www.piano-midi.de/midis/bach/bach_850_format0.mid
16,Islamej(Oriental fantasia)(1869),1,http://www.piano-midi.de/midis/balakirew/islamei.mid,http://www.piano-midi.de/midis/balakirew/islamei_format0.mid,http://www.piano-midi.de/mp3/balakirew/islamei.mp3,http://www.piano-midi.de/ogg/balakirew/islamei.ogg
17,"Sonata No. 5 C minor, Opus 10/1(1798)",1,http://www.piano-midi.de/midis/beethoven/beethoven_opus10_1.mid,http://www.piano-midi.de/midis/beethoven/beethoven_opus10_1_format0.mid,http://www.piano-midi.de/mp3/beethoven/beethoven_opus10_1.mp3,http://www.piano-midi.de/ogg/beethoven/beethoven_opus10_1.ogg
18,"Sonata No. 5 C minor, Opus 10/1(1798)",2,http://www.piano-midi.de/midis/beethoven/beethoven_opus10_2.mid,http://www.piano-midi.de/midis/beethoven/beethoven_opus10_2_format0.mid,http://www.piano-midi.de/mp3/beethoven/beethoven_opus10_2.mp3,http://www.piano-midi.de/ogg/beethoven/beethoven_opus10_2.ogg
19,"Sonata No. 5 C minor, Opus 10/1(1798)",3,http://www.piano-midi.de/midis/beethoven/beethoven_opus10_3.mid,http://www.piano-midi.de/midis/beethoven/beethoven_opus10_3_format0.mid,http://www.piano-midi.de/mp3/beethoven/beethoven_opus10_3.mp3,http://www.piano-midi.de/ogg/beethoven/beethoven_opus10_3.ogg
20,"Sonata No. 8 C minor(Pathetique), Opus 13(1799)",1,http://www.piano-midi.de/midis/beethoven/pathetique_1.mid,http://www.piano-midi.de/midis/beethoven/pathetique_1_format0.mid,http://www.piano-midi.de/mp3/beethoven/pathetique_1.mp3,http://www.piano-midi.de/ogg/beethoven/pathetique_1.ogg
21,"Sonata No. 8 C minor(Pathetique), Opus 13(1799)",2,http://www.piano-midi.de/midis/beethoven/pathetique_2.mid,http://www.piano-midi.de/midis/beethoven/pathetique_2_format0.mid,http://www.piano-midi.de/mp3/beethoven/pathetique_2.mp3,http://www.piano-midi.de/ogg/beethoven/pathetique_2.ogg
22,"Sonata No. 8 C minor(Pathetique), Opus 13(1799)",3,http://www.piano-midi.de/midis/beethoven/pathetique_3.mid,http://www.piano-midi.de/midis/beethoven/pathetique_3_format0.mid,http://www.piano-midi.de/mp3/beethoven/pathetique_3.mp3,http://www.piano-midi.de/ogg/beethoven/pathetique_3.ogg
23,"Sonata No. 11 Bb major, Opus 22(1800)",1,http://www.piano-midi.de/midis/beethoven/beethoven_opus22_1.mid,http://www.piano-midi.de/midis/beethoven/beethoven_opus22_1_format0.mid,http://www.piano-midi.de/mp3/beethoven/beethoven_opus22_1.mp3,http://www.piano-midi.de/ogg/beethoven/beethoven_opus22_1.ogg
24,"Sonata No. 11 Bb major, Opus 22(1800)",2,http://www.piano-midi.de/midis/beethoven/beethoven_opus22_2.mid,http://www.piano-midi.de/midis/beethoven/beethoven_opus22_2_format0.mid,http://www.piano-midi.de/mp3/beethoven/beethoven_opus22_2.mp3,http://www.piano-midi.de/ogg/beethoven/beethoven_opus22_2.ogg
25,"Sonata No. 11 Bb major, Opus 22(1800)",3,http://www.piano-midi.de/midis/beethoven/beethoven_opus22_3.mid,http://www.piano-midi.de/midis/beethoven/beethoven_opus22_3_format0.mid,http://www.piano-midi.de/mp3/beethoven/beethoven_opus22_3.mp3,http://www.piano-midi.de/ogg/beethoven/beethoven_opus22_3.ogg
26,"Sonata No. 11 Bb major, Opus 22(1800)",4,http://www.piano-midi.de/midis/beethoven/beethoven_opus22_4.mid,http://www.piano-midi.de/midis/beethoven/beethoven_opus22_4_format0.mid,http://www.piano-midi.de/mp3/beethoven/beethoven_opus22_4.mp3,http://www.piano-midi.de/ogg/beethoven/beethoven_opus22_4.ogg
27,"Sonata No. 14 C# minor(Moonlight), Opus 27/2(1801)",1,http://www.piano-midi.de/midis/beethoven/mond_1.mid,http://www.piano-midi.de/midis/beethoven/mond_1_format0.mid,http://www.piano-midi.de/mp3/beethoven/mond_1.mp3,http://www.piano-midi.de/ogg/beethoven/mond_1.ogg
28,"Sonata No. 14 C# minor(Moonlight), Opus 27/2(1801)",2,http://www.piano-midi.de/midis/beethoven/mond_2.mid,http://www.piano-midi.de/midis/beethoven/mond_2_format0.mid,http://www.piano-midi.de/mp3/beethoven/mond_2.mp3,http://www.piano-midi.de/ogg/beethoven/mond_2.ogg
29,"Sonata No. 14 C# minor(Moonlight), Opus 27/2(1801)",3,http://www.piano-midi.de/midis/beethoven/mond_3.mid,http://www.piano-midi.de/midis/beethoven/mond_3_format0.mid,http://www.piano-midi.de/mp3/beethoven/mond_3.mp3,http://www.piano-midi.de/ogg/beethoven/mond_3.ogg
30,"Sonata No. 21 C major(Waldstein), Opus 53(1804)",1,http://www.piano-midi.de/midis/beethoven/waldstein_1.mid,http://www.piano-midi.de/midis/beethoven/waldstein_1_format0.mid,http://www.piano-midi.de/mp3/beethoven/waldstein_1.mp3,http://www.piano-midi.de/ogg/beethoven/waldstein_1.ogg
31,"Sonata No. 21 C major(Waldstein), Opus 53(1804)",2,http://www.piano-midi.de/midis/beethoven/waldstein_2.mid,http://www.piano-midi.de/midis/beethoven/waldstein_2_format0.mid,http://www.piano-midi.de/mp3/beethoven/waldstein_2.mp3,http://www.piano-midi.de/ogg/beethoven/waldstein_2.ogg
32,"Sonata No. 21 C major(Waldstein), Opus 53(1804)",3,http://www.piano-midi.de/midis/beethoven/waldstein_3.mid,http://www.piano-midi.de/midis/beethoven/waldstein_3_format0.mid,http://www.piano-midi.de/mp3/beethoven/waldstein_3.mp3,http://www.piano-midi.de/ogg/beethoven/waldstein_3.ogg
33,"Sonata No. 23 F minor(Appassionata), Opus 57(1804)",1,http://www.piano-midi.de/midis/beethoven/appass_1.mid,http://www.piano-midi.de/midis/beethoven/appass_1_format0.mid,http://www.piano-midi.de/mp3/beethoven/appass_1.mp3,http://www.piano-midi.de/ogg/beethoven/appass_1.ogg
34,"Sonata No. 23 F minor(Appassionata), Opus 57(1804)",2,http://www.piano-midi.de/midis/beethoven/appass_2.mid,http://www.piano-midi.de/midis/beethoven/appass_2_format0.mid,http://www.piano-midi.de/mp3/beethoven/appass_2.mp3,http://www.piano-midi.de/ogg/beethoven/appass_2.ogg
35,"Sonata No. 23 F minor(Appassionata), Opus 57(1804)",3,http://www.piano-midi.de/midis/beethoven/appass_3.mid,http://www.piano-midi.de/midis/beethoven/appass_3_format0.mid,http://www.piano-midi.de/mp3/beethoven/appass_3.mp3,http://www.piano-midi.de/ogg/beethoven/appass_3.ogg
36,"Sonata No. 26 Eb major(Les Adieux), Opus 81a(1809)",1,http://www.piano-midi.de/midis/beethoven/beethoven_les_adieux_1.mid,http://www.piano-midi.de/midis/beethoven/beethoven_les_adieux_1_format0.mid,http://www.piano-midi.de/mp3/beethoven/beethoven_les_adieux_1.mp3,http://www.piano-midi.de/ogg/beethoven/beethoven_les_adieux_1.ogg
37,"Sonata No. 26 Eb major(Les Adieux), Opus 81a(1809)",2,http://www.piano-midi.de/midis/beethoven/beethoven_les_adieux_2.mid,http://www.piano-midi.de/midis/beethoven/beethoven_les_adieux_2_format0.mid,http://www.piano-midi.de/mp3/beethoven/beethoven_les_adieux_2.mp3,http://www.piano-midi.de/ogg/beethoven/beethoven_les_adieux_2.ogg
38,"Sonata No. 26 Eb major(Les Adieux), Opus 81a(1809)",3,http://www.piano-midi.de/midis/beethoven/beethoven_les_adieux_3.mid,http://www.piano-midi.de/midis/beethoven/beethoven_les_adieux_3_format0.mid,http://www.piano-midi.de/mp3/beethoven/beethoven_les_adieux_3.mp3,http://www.piano-midi.de/ogg/beethoven/beethoven_les_adieux_3.ogg
39,For Elise(1810),1,http://www.piano-midi.de/midis/beethoven/elise.mid,http://www.piano-midi.de/midis/beethoven/elise_format0.mid,http://www.piano-midi.de/mp3/beethoven/elise.mp3,http://www.piano-midi.de/ogg/beethoven/elise.ogg
40,"Sonata No. 27 E minor, Opus 90(1814)",1,http://www.piano-midi.de/midis/beethoven/beethoven_opus90_1.mid,http://www.piano-midi.de/midis/beethoven/beethoven_opus90_1_format0.mid,http://www.piano-midi.de/mp3/beethoven/beethoven_opus90_1.mp3,http://www.piano-midi.de/ogg/beethoven/beethoven_opus90_1.ogg
41,"Sonata No. 27 E minor, Opus 90(1814)",2,http://www.piano-midi.de/midis/beethoven/beethoven_opus90_2.mid,http://www.piano-midi.de/midis/beethoven/beethoven_opus90_2_format0.mid,http://www.piano-midi.de/mp3/beethoven/beethoven_opus90_2.mp3,http://www.piano-midi.de/ogg/beethoven/beethoven_opus90_2.ogg
42,"Sonata No. 29 Bb major(Hammerklavier), Opus 106(1818)",1,http://www.piano-midi.de/midis/beethoven/beethoven_hammerklavier_1.mid,http://www.piano-midi.de/midis/beethoven/beethoven_hammerklavier_1_format0.mid,http://www.piano-midi.de/mp3/beethoven/beethoven_hammerklavier_1.mp3,http://www.piano-midi.de/ogg/beethoven/beethoven_hammerklavier_1.ogg
43,"Sonata No. 29 Bb major(Hammerklavier), Opus 106(1818)",2,http://www.piano-midi.de/midis/beethoven/beethoven_hammerklavier_2.mid,http://www.piano-midi.de/midis/beethoven/beethoven_hammerklavier_2_format0.mid,http://www.piano-midi.de/mp3/beethoven/beethoven_hammerklavier_2.mp3,http://www.piano-midi.de/ogg/beethoven/beethoven_hammerklavier_2.ogg
44,"Sonata No. 29 Bb major(Hammerklavier), Opus 106(1818)",3,http://www.piano-midi.de/midis/beethoven/beethoven_hammerklavier_3.mid,http://www.piano-midi.de/midis/beethoven/beethoven_hammerklavier_3_format0.mid,http://www.piano-midi.de/mp3/beethoven/beethoven_hammerklavier_3.mp3,http://www.piano-midi.de/ogg/beethoven/beethoven_hammerklavier_3.ogg
45,"Sonata No. 29 Bb major(Hammerklavier), Opus 106(1818)",4,http://www.piano-midi.de/midis/beethoven/beethoven_hammerklavier_4.mid,http://www.piano-midi.de/midis/beethoven/beethoven_hammerklavier_4_format0.mid,http://www.piano-midi.de/mp3/beethoven/beethoven_hammerklavier_4.mp3,http://www.piano-midi.de/ogg/beethoven/beethoven_hammerklavier_4.ogg
46,Petite Suite(1885),1,http://www.piano-midi.de/midis/borodin/bor_ps1.mid,http://www.piano-midi.de/midis/borodin/bor_ps1_format0.mid,http://www.piano-midi.de/mp3/borodin/bor_ps1.mp3,http://www.piano-midi.de/midis/borodin/bor_ps2.mid
47,Petite Suite(1885),2,http://www.piano-midi.de/midis/borodin/bor_ps2_format0.mid,http://www.piano-midi.de/mp3/borodin/bor_ps2.mp3,http://www.piano-midi.de/midis/borodin/bor_ps3.mid,http://www.piano-midi.de/midis/borodin/bor_ps3_format0.mid
48,Petite Suite(1885),3,http://www.piano-midi.de/mp3/borodin/bor_ps3.mp3,http://www.piano-midi.de/midis/borodin/bor_ps4.mid,http://www.piano-midi.de/midis/borodin/bor_ps1_format4.mid,http://www.piano-midi.de/mp3/borodin/bor_ps4.mp3
49,Petite Suite(1885),4,http://www.piano-midi.de/midis/borodin/bor_ps5.mid,http://www.piano-midi.de/midis/borodin/bor_ps1_format5.mid,http://www.piano-midi.de/mp3/borodin/bor_ps5.mp3,http://www.piano-midi.de/midis/borodin/bor_ps6.mid
50,Petite Suite(1885),5,http://www.piano-midi.de/midis/borodin/bor_ps6_format0.mid,http://www.piano-midi.de/mp3/borodin/bor_ps6.mp3,http://www.piano-midi.de/midis/borodin/bor_ps7.mid,http://www.piano-midi.de/midis/borodin/bor_ps7_format0.mid
51,"Sonata C major, Opus 1(1853)",1,http://www.piano-midi.de/midis/brahms/brahms_opus1_1.mid,http://www.piano-midi.de/midis/brahms/brahms_opus1_1_format0.mid,http://www.piano-midi.de/mp3/brahms/brahms_opus1_1.mp3,http://www.piano-midi.de/ogg/brahms/brahms_opus1_1.ogg
52,"Sonata C major, Opus 1(1853)",2,http://www.piano-midi.de/midis/brahms/brahms_opus1_2.mid,http://www.piano-midi.de/midis/brahms/brahms_opus1_2_format0.mid,http://www.piano-midi.de/mp3/brahms/brahms_opus1_2.mp3,http://www.piano-midi.de/ogg/brahms/brahms_opus1_2.ogg
53,"Sonata C major, Opus 1(1853)",3,http://www.piano-midi.de/midis/brahms/brahms_opus1_3.mid,http://www.piano-midi.de/midis/brahms/brahms_opus1_3_format0.mid,http://www.piano-midi.de/mp3/brahms/brahms_opus1_3.mp3,http://www.piano-midi.de/ogg/brahms/brahms_opus1_3.ogg
54,"Sonata C major, Opus 1(1853)",4,http://www.piano-midi.de/midis/brahms/brahms_opus1_4.mid,http://www.piano-midi.de/midis/brahms/brahms_opus1_4_format0.mid,http://www.piano-midi.de/mp3/brahms/brahms_opus1_4.mp3,http://www.piano-midi.de/ogg/brahms/brahms_opus1_4.ogg
55,"7 Fantasia, Opus 116(1892)",1,http://www.piano-midi.de/midis/brahms/br_im2.mid,http://www.piano-midi.de/midis/brahms/br_im2_format0.mid,http://www.piano-midi.de/mp3/brahms/br_im2.mp3,http://www.piano-midi.de/ogg/brahms/br_im2.ogg
56,"7 Fantasia, Opus 116(1892)",2,http://www.piano-midi.de/midis/brahms/br_im5.mid,http://www.piano-midi.de/midis/brahms/br_im5_format0.mid,http://www.piano-midi.de/mp3/brahms/br_im5.mp3,http://www.piano-midi.de/ogg/brahms/br_im5.ogg
57,"7 Fantasia, Opus 116(1892)",3,http://www.piano-midi.de/midis/brahms/br_im6.mid,http://www.piano-midi.de/midis/brahms/br_im6_format0.mid,http://www.piano-midi.de/mp3/brahms/br_im6.mp3,http://www.piano-midi.de/ogg/brahms/br_im6.ogg
58,"3 Intermezzi, Opus 117(1892)",1,http://www.piano-midi.de/midis/brahms/brahms_opus117_1.mid,http://www.piano-midi.de/midis/brahms/brahms_opus117_1_format0.mid,http://www.piano-midi.de/mp3/brahms/brahms_opus117_1.mp3,http://www.piano-midi.de/ogg/brahms/brahms_opus117_1.ogg
59,"3 Intermezzi, Opus 117(1892)",2,http://www.piano-midi.de/midis/brahms/brahms_opus117_2.mid,http://www.piano-midi.de/midis/brahms/brahms_opus117_2_format0.mid,http://www.piano-midi.de/mp3/brahms/brahms_opus117_2.mp3,http://www.piano-midi.de/ogg/brahms/brahms_opus117_2.ogg
60,"4 Piano pieces, Opus 119(1893)",1,http://www.piano-midi.de/midis/brahms/br_rhap.mid,http://www.piano-midi.de/midis/brahms/br_rhap_format0.mid,http://www.piano-midi.de/mp3/brahms/br_rhap.mp3,http://www.piano-midi.de/ogg/brahms/br_rhap.ogg
61,"Etudes, Opus 109",1,http://www.piano-midi.de/midis/burgmueller/burg_perlen.mid,http://www.piano-midi.de/midis/burgmueller/burg_perlen_format0.mid,http://www.piano-midi.de/mp3/burgmueller/burg_perlen.mp3,http://www.piano-midi.de/ogg/burgmueller/burg_perlen.ogg
62,"Etudes, Opus 109",2,http://www.piano-midi.de/midis/burgmueller/burg_quelle.mid,http://www.piano-midi.de/midis/burgmueller/burg_quelle_format0.mid,http://www.piano-midi.de/mp3/burgmueller/burg_quelle.mp3,http://www.piano-midi.de/ogg/burgmueller/burg_quelle.ogg
63,"Etudes, Opus 109",3,http://www.piano-midi.de/midis/burgmueller/burg_agitato.mid,http://www.piano-midi.de/midis/burgmueller/burg_agitato_format0.mid,http://www.piano-midi.de/mp3/burgmueller/burg_agitato.mp3,http://www.piano-midi.de/ogg/burgmueller/burg_agitato.ogg
64,"Etudes, Opus 109",4,http://www.piano-midi.de/midis/burgmueller/burg_geschwindigkeit.mid,http://www.piano-midi.de/midis/burgmueller/burg_geschwindigkeit_format0.mid,http://www.piano-midi.de/mp3/burgmueller/burg_geschwindigkeit.mp3,http://www.piano-midi.de/ogg/burgmueller/burg_geschwindigkeit.ogg
65,"Etudes, Opus 109",5,http://www.piano-midi.de/midis/burgmueller/burg_erwachen.mid,http://www.piano-midi.de/midis/burgmueller/burg_erwachen_format0.mid,http://www.piano-midi.de/mp3/burgmueller/burg_erwachen.mp3,http://www.piano-midi.de/ogg/burgmueller/burg_erwachen.ogg
66,"Etudes, Opus 109",6,http://www.piano-midi.de/midis/burgmueller/burg_gewitter.mid,http://www.piano-midi.de/midis/burgmueller/burg_gewitter_format0.mid,http://www.piano-midi.de/mp3/burgmueller/burg_gewitter.mp3,http://www.piano-midi.de/ogg/burgmueller/burg_gewitter.ogg
67,"Etudes, Opus 109",7,http://www.piano-midi.de/midis/burgmueller/burg_sylphen.mid,http://www.piano-midi.de/midis/burgmueller/burg_sylphen_format0.mid,http://www.piano-midi.de/mp3/burgmueller/burg_sylphen.mp3,http://www.piano-midi.de/ogg/burgmueller/burg_sylphen.ogg
68,"Etudes, Opus 109",8,http://www.piano-midi.de/midis/burgmueller/burg_trennung.mid,http://www.piano-midi.de/midis/burgmueller/burg_trennung_format0.mid,http://www.piano-midi.de/mp3/burgmueller/burg_trennung.mp3,http://www.piano-midi.de/ogg/burgmueller/burg_trennung.ogg
69,"Etudes, Opus 109",9,http://www.piano-midi.de/midis/burgmueller/burg_spinnerlied.mid,http://www.piano-midi.de/midis/burgmueller/burg_spinnerlied_format0.mid,http://www.piano-midi.de/mp3/burgmueller/burg_spinnerlied.mp3,http://www.piano-midi.de/ogg/burgmueller/burg_spinnerlied.ogg
70,"5 Mazurkas, Opus 7(1831)",1,http://www.piano-midi.de/midis/chopin/chpn_op7_1.mid,http://www.piano-midi.de/midis/chopin/chpn_op7_1_format0.mid,http://www.piano-midi.de/mp3/chopin/chpn_op7_1.mp3,http://www.piano-midi.de/ogg/chopin/chpn_op7_1.ogg
71,"5 Mazurkas, Opus 7(1831)",2,http://www.piano-midi.de/midis/chopin/chpn_op7_2.mid,http://www.piano-midi.de/midis/chopin/chpn_op7_2_format0.mid,http://www.piano-midi.de/mp3/chopin/chpn_op7_2.mp3,http://www.piano-midi.de/ogg/chopin/chpn_op7_2.ogg
72,"Etudes, Opus 10(1832)",1,http://www.piano-midi.de/midis/chopin/chpn_op10_e01.mid,http://www.piano-midi.de/midis/chopin/chpn_op10_e01_format0.mid,http://www.piano-midi.de/mp3/chopin/chpn_op10_e01.mp3,http://www.piano-midi.de/ogg/chopin/chpn_op10_e01.ogg
73,"Etudes, Opus 10(1832)",2,http://www.piano-midi.de/noten/chopin/chpn_op10_e01.pdf,http://www.piano-midi.de/video/chopin/chpn_op10_e01.wmv,http://www.piano-midi.de/midis/chopin/chpn_op10_e05.mid,http://www.piano-midi.de/midis/chopin/chpn_op10_e05_format0.mid
74,"Etudes, Opus 10(1832)",3,http://www.piano-midi.de/mp3/chopin/chpn_op10_e05.mp3,http://www.piano-midi.de/ogg/chopin/chpn_op10_e05.ogg,http://www.piano-midi.de/noten/chopin/chpn_op10_e05.pdf,http://www.piano-midi.de/midis/chopin/chpn_op10_e12.mid
75,"Grande Valse Brillante, Opus 18(1831)",1,http://www.piano-midi.de/midis/chopin/chp_op18.mid,http://www.piano-midi.de/midis/chopin/chp_op18_format0.mid,http://www.piano-midi.de/mp3/chopin/chp_op18.mp3,http://www.piano-midi.de/ogg/chopin/chp_op18.ogg
76,"Ballade G minor, Opus 23(1835)",1,http://www.piano-midi.de/midis/chopin/chpn_op23.mid,http://www.piano-midi.de/midis/chopin/chpn_op23_format0.mid,http://www.piano-midi.de/mp3/chopin/chpn_op23.mp3,http://www.piano-midi.de/ogg/chopin/chpn_op23.ogg
77,"Etudes, Opus 25(1836)",1,http://www.piano-midi.de/midis/chopin/chpn_op25_e1.mid,http://www.piano-midi.de/midis/chopin/chpn_op25_e1_format0.mid,http://www.piano-midi.de/mp3/chopin/chpn_op25_e1.mp3,http://www.piano-midi.de/ogg/chopin/chpn_op25_e1.ogg
78,"Etudes, Opus 25(1836)",2,http://www.piano-midi.de/noten/chopin/chpn_op25-01.pdf,http://www.piano-midi.de/midis/chopin/chpn_op25_e2.mid,http://www.piano-midi.de/midis/chopin/chpn_op25_e2_format0.mid,http://www.piano-midi.de/mp3/chopin/chpn_op25_e2.mp3
79,"Etudes, Opus 25(1836)",3,http://www.piano-midi.de/ogg/chopin/chpn_op25_e2.ogg,http://www.piano-midi.de/midis/chopin/chpn_op25_e3.mid,http://www.piano-midi.de/midis/chopin/chpn_op25_e3_format0.mid,http://www.piano-midi.de/mp3/chopin/chpn_op25_e3.mp3
80,"Etudes, Opus 25(1836)",4,http://www.piano-midi.de/ogg/chopin/chpn_op25_e3.ogg,http://www.piano-midi.de/midis/chopin/chpn_op25_e4.mid,http://www.piano-midi.de/midis/chopin/chpn_op25_e4_format0.mid,http://www.piano-midi.de/mp3/chopin/chpn_op25_e4.mp3
81,"Etudes, Opus 25(1836)",5,http://www.piano-midi.de/ogg/chopin/chpn_op25_e4.ogg,http://www.piano-midi.de/midis/chopin/chpn_op25_e11.mid,http://www.piano-midi.de/midis/chopin/chpn_op25_e11_format0.mid,http://www.piano-midi.de/mp3/chopin/chpn_op25_e11.mp3
82,"Etudes, Opus 25(1836)",6,http://www.piano-midi.de/ogg/chopin/chpn_op25_e11.ogg,http://www.piano-midi.de/midis/chopin/chpn_op25_e12.mid,http://www.piano-midi.de/midis/chopin/chpn_op25_e12_format0.mid,http://www.piano-midi.de/mp3/chopin/chpn_op25_e12.mp3
83,"2 Nocturnes, Opus 27(1835)",1,http://www.piano-midi.de/midis/chopin/chpn_op27_1.mid,http://www.piano-midi.de/midis/chopin/chpn_op27_1_format0.mid,http://www.piano-midi.de/mp3/chopin/chpn_op27_1.mp3,http://www.piano-midi.de/ogg/chopin/chpn_op27_1.ogg
84,"2 Nocturnes, Opus 27(1835)",2,http://www.piano-midi.de/midis/chopin/chpn_op27_2.mid,http://www.piano-midi.de/midis/chopin/chpn_op27_2_format0.mid,http://www.piano-midi.de/mp3/chopin/chpn_op27_2.mp3,http://www.piano-midi.de/ogg/chopin/chpn_op27_2.ogg
85,"Pr?ludes, Opus 28(1838)",1,http://www.piano-midi.de/midis/chopin/chpn-p1.mid,http://www.piano-midi.de/midis/chopin/chpn-p1_format0.mid,http://www.piano-midi.de/mp3/chopin/chpn-p1.mp3,http://www.piano-midi.de/ogg/chopin/chpn-p1.ogg
86,"Pr?ludes, Opus 28(1838)",2,http://www.piano-midi.de/midis/chopin/chpn-p2.mid,http://www.piano-midi.de/midis/chopin/chpn-p2_format0.mid,http://www.piano-midi.de/mp3/chopin/chpn-p2.mp3,http://www.piano-midi.de/ogg/chopin/chpn-p2.ogg
87,"Pr?ludes, Opus 28(1838)",3,http://www.piano-midi.de/midis/chopin/chpn-p3.mid,http://www.piano-midi.de/midis/chopin/chpn-p3_format0.mid,http://www.piano-midi.de/mp3/chopin/chpn-p3.mp3,http://www.piano-midi.de/ogg/chopin/chpn-p3.ogg
88,"Pr?ludes, Opus 28(1838)",4,http://www.piano-midi.de/midis/chopin/chpn-p4.mid,http://www.piano-midi.de/midis/chopin/chpn-p4_format0.mid,http://www.piano-midi.de/mp3/chopin/chpn-p4.mp3,http://www.piano-midi.de/ogg/chopin/chpn-p4.ogg
89,"Pr?ludes, Opus 28(1838)",5,http://www.piano-midi.de/noten/chopin/chpn_op28-4.pdf,http://www.piano-midi.de/midis/chopin/chpn-p5.mid,http://www.piano-midi.de/midis/chopin/chpn-p5_format0.mid,http://www.piano-midi.de/mp3/chopin/chpn-p5.mp3
90,"Pr?ludes, Opus 28(1838)",6,http://www.piano-midi.de/ogg/chopin/chpn-p5.ogg,http://www.piano-midi.de/midis/chopin/chpn-p6.mid,http://www.piano-midi.de/midis/chopin/chpn-p6_format0.mid,http://www.piano-midi.de/mp3/chopin/chpn-p6.mp3
91,"Pr?ludes, Opus 28(1838)",7,http://www.piano-midi.de/ogg/chopin/chpn-p6.ogg,http://www.piano-midi.de/noten/chopin/chpn_op28-6.pdf,http://www.piano-midi.de/midis/chopin/chpn-p7.mid,http://www.piano-midi.de/midis/chopin/chpn-p7_format0.mid
92,"Pr?ludes, Opus 28(1838)",8,http://www.piano-midi.de/mp3/chopin/chpn-p7.mp3,http://www.piano-midi.de/ogg/chopin/chpn-p7.ogg,http://www.piano-midi.de/noten/chopin/chpn_op28-7.pdf,http://www.piano-midi.de/midis/chopin/chpn-p8.mid
93,"Pr?ludes, Opus 28(1838)",9,http://www.piano-midi.de/midis/chopin/chpn-p8_format0.mid,http://www.piano-midi.de/mp3/chopin/chpn-p8.mp3,http://www.piano-midi.de/ogg/chopin/chpn-p8.ogg,http://www.piano-midi.de/midis/chopin/chpn-p9.mid
94,"Pr?ludes, Opus 28(1838)",10,http://www.piano-midi.de/midis/chopin/chpn-p9_format0.mid,http://www.piano-midi.de/mp3/chopin/chpn-p9.mp3,http://www.piano-midi.de/ogg/chopin/chpn-p9.ogg,http://www.piano-midi.de/midis/chopin/chpn-p10.mid
95,"Pr?ludes, Opus 28(1838)",11,http://www.piano-midi.de/midis/chopin/chpn-p10_format0.mid,http://www.piano-midi.de/mp3/chopin/chpn-p10.mp3,http://www.piano-midi.de/ogg/chopin/chpn-p10.ogg,http://www.piano-midi.de/midis/chopin/chpn-p11.mid
96,"Pr?ludes, Opus 28(1838)",12,http://www.piano-midi.de/midis/chopin/chpn-p11_format0.mid,http://www.piano-midi.de/mp3/chopin/chpn-p11.mp3,http://www.piano-midi.de/ogg/chopin/chpn-p11.ogg,http://www.piano-midi.de/midis/chopin/chpn-p12.mid
97,"Pr?ludes, Opus 28(1838)",13,http://www.piano-midi.de/midis/chopin/chpn-p12_format0.mid,http://www.piano-midi.de/mp3/chopin/chpn-p12.mp3,http://www.piano-midi.de/ogg/chopin/chpn-p12.ogg,http://www.piano-midi.de/midis/chopin/chpn-p13.mid
98,"Pr?ludes, Opus 28(1838)",14,http://www.piano-midi.de/midis/chopin/chpn-p13_format0.mid,http://www.piano-midi.de/mp3/chopin/chpn-p13.mp3,http://www.piano-midi.de/ogg/chopin/chpn-p13.ogg,http://www.piano-midi.de/midis/chopin/chpn-p14.mid
99,"Pr?ludes, Opus 28(1838)",15,http://www.piano-midi.de/midis/chopin/chpn-p14_format0.mid,http://www.piano-midi.de/mp3/chopin/chpn-p14.mp3,http://www.piano-midi.de/ogg/chopin/chpn-p14.ogg,http://www.piano-midi.de/midis/chopin/chpn-p15.mid
100,"Pr?ludes, Opus 28(1838)",16,http://www.piano-midi.de/midis/chopin/chpn-p15_format0.mid,http://www.piano-midi.de/mp3/chopin/chpn-p15.mp3,http://www.piano-midi.de/ogg/chopin/chpn-p15.ogg,http://www.piano-midi.de/noten/chopin/chpn_op28-15.pdf
101,"Pr?ludes, Opus 28(1838)",17,http://www.piano-midi.de/midis/chopin/chpn-p16.mid,http://www.piano-midi.de/midis/chopin/chpn-p16_format0.mid,http://www.piano-midi.de/mp3/chopin/chpn-p16.mp3,http://www.piano-midi.de/ogg/chopin/chpn-p16.ogg
102,"Pr?ludes, Opus 28(1838)",18,http://www.piano-midi.de/midis/chopin/chpn-p17.mid,http://www.piano-midi.de/midis/chopin/chpn-p17_format0.mid,http://www.piano-midi.de/mp3/chopin/chpn-p17.mp3,http://www.piano-midi.de/ogg/chopin/chpn-p17.ogg
103,"Pr?ludes, Opus 28(1838)",19,http://www.piano-midi.de/midis/chopin/chpn-p18.mid,http://www.piano-midi.de/midis/chopin/chpn-p18_format0.mid,http://www.piano-midi.de/mp3/chopin/chpn-p18.mp3,http://www.piano-midi.de/ogg/chopin/chpn-p18.ogg
104,"Pr?ludes, Opus 28(1838)",20,http://www.piano-midi.de/midis/chopin/chpn-p19.mid,http://www.piano-midi.de/midis/chopin/chpn-p19_format0.mid,http://www.piano-midi.de/mp3/chopin/chpn-p19.mp3,http://www.piano-midi.de/ogg/chopin/chpn-p19.ogg
105,"Pr?ludes, Opus 28(1838)",21,http://www.piano-midi.de/midis/chopin/chpn-p20.mid,http://www.piano-midi.de/midis/chopin/chpn-p20_format0.mid,http://www.piano-midi.de/mp3/chopin/chpn-p20.mp3,http://www.piano-midi.de/ogg/chopin/chpn-p20.ogg
106,"Pr?ludes, Opus 28(1838)",22,http://www.piano-midi.de/noten/chopin/chpn_op28-20.pdf,http://www.piano-midi.de/midis/chopin/chpn-p21.mid,http://www.piano-midi.de/midis/chopin/chpn-p21_format0.mid,http://www.piano-midi.de/mp3/chopin/chpn-p21.mp3
107,"Pr?ludes, Opus 28(1838)",23,http://www.piano-midi.de/ogg/chopin/chpn-p21.ogg,http://www.piano-midi.de/midis/chopin/chpn-p22.mid,http://www.piano-midi.de/midis/chopin/chpn-p22_format0.mid,http://www.piano-midi.de/mp3/chopin/chpn-p22.mp3
108,"Pr?ludes, Opus 28(1838)",24,http://www.piano-midi.de/ogg/chopin/chpn-p22.ogg,http://www.piano-midi.de/midis/chopin/chpn-p23.mid,http://www.piano-midi.de/midis/chopin/chpn-p23_format0.mid,http://www.piano-midi.de/mp3/chopin/chpn-p23.mp3
109,"Pr?ludes, Opus 28(1838)",25,http://www.piano-midi.de/ogg/chopin/chpn-p23.ogg,http://www.piano-midi.de/midis/chopin/chpn-p24.mid,http://www.piano-midi.de/midis/chopin/chpn-p24_format0.mid,http://www.piano-midi.de/mp3/chopin/chpn-p24.mp3
110,"Scherzo Bb minor, Opus 31(1837)",1,http://www.piano-midi.de/midis/chopin/chp_op31.mid,http://www.piano-midi.de/midis/chopin/chp_op31_format0.mid,http://www.piano-midi.de/mp3/chopin/chp_op31.mp3,http://www.piano-midi.de/ogg/chopin/chp_op31.ogg
111,"4 Mazurkas, Opus 33(1838)",1,http://www.piano-midi.de/midis/chopin/chpn_op33_2.mid,http://www.piano-midi.de/midis/chopin/chpn_op33_2_format0.mid,http://www.piano-midi.de/mp3/chopin/chpn_op33_2.mp3,http://www.piano-midi.de/ogg/chopin/chpn_op33_2.ogg
112,"4 Mazurkas, Opus 33(1838)",2,http://www.piano-midi.de/midis/chopin/chpn_op33_4.mid,http://www.piano-midi.de/midis/chopin/chpn_op33_4_format0.mid,http://www.piano-midi.de/mp3/chopin/chpn_op33_4.mp3,http://www.piano-midi.de/ogg/chopin/chpn_op33_4.ogg
113,"Piano sonata No. 2 Bb minor, Opus 35(1839)",1,http://www.piano-midi.de/midis/chopin/chpn_op35_1.mid,http://www.piano-midi.de/midis/chopin/chpn_op35_1_format0.mid,http://www.piano-midi.de/mp3/chopin/chpn_op35_1.mp3,http://www.piano-midi.de/ogg/chopin/chpn_op35_1.ogg
114,"Piano sonata No. 2 Bb minor, Opus 35(1839)",2,http://www.piano-midi.de/midis/chopin/chpn_op35_2.mid,http://www.piano-midi.de/midis/chopin/chpn_op35_2_format0.mid,http://www.piano-midi.de/mp3/chopin/chpn_op35_2.mp3,http://www.piano-midi.de/ogg/chopin/chpn_op35_2.ogg
115,"Piano sonata No. 2 Bb minor, Opus 35(1839)",3,http://www.piano-midi.de/midis/chopin/chpn_op35_3.mid,http://www.piano-midi.de/midis/chopin/chpn_op35_3_format0.mid,http://www.piano-midi.de/mp3/chopin/chpn_op35_3.mp3,http://www.piano-midi.de/ogg/chopin/chpn_op35_3.ogg
116,"Piano sonata No. 2 Bb minor, Opus 35(1839)",4,http://www.piano-midi.de/midis/chopin/chpn_op35_4.mid,http://www.piano-midi.de/midis/chopin/chpn_op35_4_format0.mid,http://www.piano-midi.de/mp3/chopin/chpn_op35_4.mp3,http://www.piano-midi.de/ogg/chopin/chpn_op35_4.ogg
117,"Polonaise Ab major, Opus 53(1842)",1,http://www.piano-midi.de/midis/chopin/chpn_op53.mid,http://www.piano-midi.de/midis/chopin/chpn_op53_format0.mid,http://www.piano-midi.de/mp3/chopin/chpn_op53.mp3,http://www.piano-midi.de/ogg/chopin/chpn_op53.ogg
118,"Fantaisie-Impromptu, Opus 66(1834)",1,http://www.piano-midi.de/midis/chopin/chpn_op66.mid,http://www.piano-midi.de/midis/chopin/chpn_op66_format0.mid,http://www.piano-midi.de/mp3/chopin/chpn_op66.mp3,http://www.piano-midi.de/ogg/chopin/chpn_op66.ogg
119,"Sonatina Opus 36 No. 1, Opus 36(1797)",1,http://www.piano-midi.de/midis/clementi/clementi_opus36_1_1.mid,http://www.piano-midi.de/midis/clementi/clementi_opus36_1_1_format0.mid,http://www.piano-midi.de/mp3/clementi/clementi_opus36_1_1.mp3,http://www.piano-midi.de/ogg/clementi/clementi_opus36_1_1.ogg
120,"Sonatina Opus 36 No. 1, Opus 36(1797)",2,http://www.piano-midi.de/midis/clementi/clementi_opus36_1_2.mid,http://www.piano-midi.de/midis/clementi/clementi_opus36_1_2_format0.mid,http://www.piano-midi.de/mp3/clementi/clementi_opus36_1_2.mp3,http://www.piano-midi.de/ogg/clementi/clementi_opus36_1_2.ogg
121,"Sonatina Opus 36 No. 1, Opus 36(1797)",3,http://www.piano-midi.de/midis/clementi/clementi_opus36_1_3.mid,http://www.piano-midi.de/midis/clementi/clementi_opus36_1_3_format0.mid,http://www.piano-midi.de/mp3/clementi/clementi_opus36_1_3.mp3,http://www.piano-midi.de/ogg/clementi/clementi_opus36_1_3.ogg
122,"Sonatina Opus 36 No. 2, Opus 36(1797)",1,http://www.piano-midi.de/midis/clementi/clementi_opus36_2_1.mid,http://www.piano-midi.de/midis/clementi/clementi_opus36_2_1_format0.mid,http://www.piano-midi.de/mp3/clementi/clementi_opus36_2_1.mp3,http://www.piano-midi.de/ogg/clementi/clementi_opus36_2_1.ogg
123,"Sonatina Opus 36 No. 2, Opus 36(1797)",2,http://www.piano-midi.de/midis/clementi/clementi_opus36_2_2.mid,http://www.piano-midi.de/midis/clementi/clementi_opus36_2_2_format0.mid,http://www.piano-midi.de/mp3/clementi/clementi_opus36_2_2.mp3,http://www.piano-midi.de/ogg/clementi/clementi_opus36_2_2.ogg
124,"Sonatina Opus 36 No. 2, Opus 36(1797)",3,http://www.piano-midi.de/midis/clementi/clementi_opus36_2_3.mid,http://www.piano-midi.de/midis/clementi/clementi_opus36_2_3_format0.mid,http://www.piano-midi.de/mp3/clementi/clementi_opus36_2_3.mp3,http://www.piano-midi.de/ogg/clementi/clementi_opus36_2_3.ogg
125,"Sonatina Opus 36 No. 3, Opus 36(1797)",1,http://www.piano-midi.de/midis/clementi/clementi_opus36_3_1.mid,http://www.piano-midi.de/midis/clementi/clementi_opus36_3_1_format0.mid,http://www.piano-midi.de/mp3/clementi/clementi_opus36_3_1.mp3,http://www.piano-midi.de/ogg/clementi/clementi_opus36_3_1.ogg
126,"Sonatina Opus 36 No. 3, Opus 36(1797)",2,http://www.piano-midi.de/midis/clementi/clementi_opus36_3_2.mid,http://www.piano-midi.de/midis/clementi/clementi_opus36_3_2_format0.mid,http://www.piano-midi.de/mp3/clementi/clementi_opus36_3_2.mp3,http://www.piano-midi.de/ogg/clementi/clementi_opus36_3_2.ogg
127,"Sonatina Opus 36 No. 3, Opus 36(1797)",3,http://www.piano-midi.de/midis/clementi/clementi_opus36_3_3.mid,http://www.piano-midi.de/midis/clementi/clementi_opus36_3_3_format0.mid,http://www.piano-midi.de/mp3/clementi/clementi_opus36_3_3.mp3,http://www.piano-midi.de/ogg/clementi/clementi_opus36_3_3.ogg
128,"Sonatina Opus 36 No. 4, Opus 36(1797)",1,http://www.piano-midi.de/midis/clementi/clementi_opus36_4_1.mid,http://www.piano-midi.de/midis/clementi/clementi_opus36_4_1_format0.mid,http://www.piano-midi.de/mp3/clementi/clementi_opus36_4_1.mp3,http://www.piano-midi.de/ogg/clementi/clementi_opus36_4_1.ogg
129,"Sonatina Opus 36 No. 4, Opus 36(1797)",2,http://www.piano-midi.de/midis/clementi/clementi_opus36_4_2.mid,http://www.piano-midi.de/midis/clementi/clementi_opus36_4_2_format0.mid,http://www.piano-midi.de/mp3/clementi/clementi_opus36_4_2.mp3,http://www.piano-midi.de/ogg/clementi/clementi_opus36_4_2.ogg
130,"Sonatina Opus 36 No. 4, Opus 36(1797)",3,http://www.piano-midi.de/midis/clementi/clementi_opus36_4_3.mid,http://www.piano-midi.de/midis/clementi/clementi_opus36_4_3_format0.mid,http://www.piano-midi.de/mp3/clementi/clementi_opus36_4_3.mp3,http://www.piano-midi.de/ogg/clementi/clementi_opus36_4_3.ogg
131,"Sonatina Opus 36 No. 5, Opus 36(1797)",1,http://www.piano-midi.de/midis/clementi/clementi_opus36_5_1.mid,http://www.piano-midi.de/midis/clementi/clementi_opus36_5_1_format0.mid,http://www.piano-midi.de/mp3/clementi/clementi_opus36_5_1.mp3,http://www.piano-midi.de/ogg/clementi/clementi_opus36_5_1.ogg
132,"Sonatina Opus 36 No. 5, Opus 36(1797)",2,http://www.piano-midi.de/midis/clementi/clementi_opus36_5_2.mid,http://www.piano-midi.de/midis/clementi/clementi_opus36_5_2_format0.mid,http://www.piano-midi.de/mp3/clementi/clementi_opus36_5_2.mp3,http://www.piano-midi.de/ogg/clementi/clementi_opus36_5_2.ogg
133,"Sonatina Opus 36 No. 5, Opus 36(1797)",3,http://www.piano-midi.de/midis/clementi/clementi_opus36_5_3.mid,http://www.piano-midi.de/midis/clementi/clementi_opus36_5_3_format0.mid,http://www.piano-midi.de/mp3/clementi/clementi_opus36_5_3.mp3,http://www.piano-midi.de/ogg/clementi/clementi_opus36_5_3.ogg
134,"Sonatina Opus 36 No. 6, Opus 36(1797)",1,http://www.piano-midi.de/midis/clementi/clementi_opus36_6_1.mid,http://www.piano-midi.de/midis/clementi/clementi_opus36_6_1_format0.mid,http://www.piano-midi.de/mp3/clementi/clementi_opus36_6_1.mp3,http://www.piano-midi.de/ogg/clementi/clementi_opus36_6_1.ogg
135,"Sonatina Opus 36 No. 6, Opus 36(1797)",2,http://www.piano-midi.de/midis/clementi/clementi_opus36_6_2.mid,http://www.piano-midi.de/midis/clementi/clementi_opus36_6_2_format0.mid,http://www.piano-midi.de/mp3/clementi/clementi_opus36_6_2.mp3,http://www.piano-midi.de/ogg/clementi/clementi_opus36_6_2.ogg
136,Suite bergamasque(1905),1,http://www.piano-midi.de/midis/debussy/deb_prel.mid,http://www.piano-midi.de/midis/debussy/deb_prel_format0.mid,http://www.piano-midi.de/mp3/debussy/deb_prel.mp3,http://www.piano-midi.de/ogg/debussy/deb_prel.ogg
137,Suite bergamasque(1905),2,http://www.piano-midi.de/midis/debussy/deb_menu.mid,http://www.piano-midi.de/midis/debussy/deb_menu_format0.mid,http://www.piano-midi.de/mp3/debussy/deb_menu.mp3,http://www.piano-midi.de/ogg/debussy/deb_menu.ogg
138,Suite bergamasque(1905),3,http://www.piano-midi.de/midis/debussy/deb_clai.mid,http://www.piano-midi.de/midis/debussy/deb_clai_format0.mid,http://www.piano-midi.de/mp3/debussy/deb_clai.mp3,http://www.piano-midi.de/ogg/debussy/deb_clai.ogg
139,Suite bergamasque(1905),4,http://www.piano-midi.de/noten/debussy/deb_clai.pdf,http://www.piano-midi.de/midis/debussy/deb_pass.mid,http://www.piano-midi.de/midis/debussy/deb_pass_format0.mid,http://www.piano-midi.de/mp3/debussy/deb_pass.mp3
140,Children's Corner(1908),1,http://www.piano-midi.de/midis/debussy/debussy_cc_1.mid,http://www.piano-midi.de/midis/debussy/debussy_cc_1_format0.mid,http://www.piano-midi.de/mp3/debussy/debussy_cc_1.mp3,http://www.piano-midi.de/ogg/debussy/debussy_cc_1.ogg
141,Children's Corner(1908),2,http://www.piano-midi.de/midis/debussy/debussy_cc_2.mid,http://www.piano-midi.de/midis/debussy/debussy_cc_2_format0.mid,http://www.piano-midi.de/mp3/debussy/debussy_cc_2.mp3,http://www.piano-midi.de/ogg/debussy/debussy_cc_2.ogg
142,Children's Corner(1908),3,http://www.piano-midi.de/midis/debussy/debussy_cc_3.mid,http://www.piano-midi.de/midis/debussy/debussy_cc_3_format0.mid,http://www.piano-midi.de/mp3/debussy/debussy_cc_3.mp3,http://www.piano-midi.de/ogg/debussy/debussy_cc_3.ogg
143,Children's Corner(1908),4,http://www.piano-midi.de/midis/debussy/debussy_cc_4.mid,http://www.piano-midi.de/midis/debussy/debussy_cc_4_format0.mid,http://www.piano-midi.de/mp3/debussy/debussy_cc_4.mp3,http://www.piano-midi.de/ogg/debussy/debussy_cc_4.ogg
144,Children's Corner(1908),5,http://www.piano-midi.de/midis/debussy/debussy_cc_5.mid,http://www.piano-midi.de/midis/debussy/debussy_cc_5_format0.mid,http://www.piano-midi.de/mp3/debussy/debussy_cc_5.mp3,http://www.piano-midi.de/ogg/debussy/debussy_cc_5.ogg
145,Children's Corner(1908),6,http://www.piano-midi.de/midis/debussy/debussy_cc_6.mid,http://www.piano-midi.de/midis/debussy/debussy_cc_6_format0.mid,http://www.piano-midi.de/mp3/debussy/debussy_cc_6.mp3,http://www.piano-midi.de/ogg/debussy/debussy_cc_6.ogg
146,53 Studies on ?tudes on Fr?d?ric Chopin(1914),1,http://www.piano-midi.de/midis/godowsky/god_chpn_op10_e01.mid,http://www.piano-midi.de/midis/godowsky/god_chpn_op10_e01_format0.mid,http://www.piano-midi.de/mp3/godowsky/god_chpn_op10_e01.mp3,http://www.piano-midi.de/ogg/godowsky/god_chpn_op10_e01.ogg
147,Transcription Alb?niz: Tango(1921),1,http://www.piano-midi.de/midis/godowsky/god_alb_esp2.mid,http://www.piano-midi.de/midis/godowsky/god_alb_esp2_format0.mid,http://www.piano-midi.de/mp3/godowsky/god_alb_esp2.mp3,http://www.piano-midi.de/ogg/godowsky/god_alb_esp2.ogg
148,Danzas espa?olas(1900),1,http://www.piano-midi.de/midis/granados/gra_esp_2.mid,http://www.piano-midi.de/midis/granados/gra_esp_2_format0.mid,http://www.piano-midi.de/mp3/granados/gra_esp_2.mp3,http://www.piano-midi.de/midis/granados/gra_esp_3.mid
149,Danzas espa?olas(1900),2,http://www.piano-midi.de/midis/granados/gra_esp_3_format0.mid,http://www.piano-midi.de/mp3/granados/gra_esp_3.mp3,http://www.piano-midi.de/midis/granados/gra_esp_4.mid,http://www.piano-midi.de/midis/granados/gra_esp_4_format0.mid
150,"Lyric Pieces Book I, Opus 12(1867)",1,http://www.piano-midi.de/midis/grieg/grieg_walzer.mid,http://www.piano-midi.de/midis/grieg/grieg_walzer_format0.mid,http://www.piano-midi.de/mp3/grieg/grieg_walzer.mp3,http://www.piano-midi.de/ogg/grieg/grieg_walzer.ogg
151,"Lyric Pieces Book I, Opus 12(1867)",2,http://www.piano-midi.de/midis/grieg/grieg_waechter.mid,http://www.piano-midi.de/midis/grieg/grieg_waechter_format0.mid,http://www.piano-midi.de/mp3/grieg/grieg_waechter.mp3,http://www.piano-midi.de/ogg/grieg/grieg_waechter.ogg
152,"Lyric Pieces Book I, Opus 12(1867)",3,http://www.piano-midi.de/midis/grieg/grieg_elfentanz.mid,http://www.piano-midi.de/midis/grieg/grieg_elfentanz_format0.mid,http://www.piano-midi.de/mp3/grieg/grieg_elfentanz.mp3,http://www.piano-midi.de/ogg/grieg/grieg_elfentanz.ogg
153,"Lyric Pieces Book II , Opus 38(1883)",1,http://www.piano-midi.de/midis/grieg/grieg_berceuse.mid,http://www.piano-midi.de/midis/grieg/grieg_berceuse_format0.mid,http://www.piano-midi.de/mp3/grieg/grieg_berceuse.mp3,http://www.piano-midi.de/ogg/grieg/grieg_berceuse.ogg
154,"Lyric Pieces Book II , Opus 38(1883)",2,http://www.piano-midi.de/midis/grieg/grieg_halling.mid,http://www.piano-midi.de/midis/grieg/grieg_halling_format0.mid,http://www.piano-midi.de/mp3/grieg/grieg_halling.mp3,http://www.piano-midi.de/ogg/grieg/grieg_halling.ogg
155,"Lyric Pieces Book III, Opus 43(1886)",1,http://www.piano-midi.de/midis/grieg/grieg_butterfly.mid,http://www.piano-midi.de/midis/grieg/grieg_butterfly_format0.mid,http://www.piano-midi.de/mp3/grieg/grieg_butterfly.mp3,http://www.piano-midi.de/ogg/grieg/grieg_butterfly.ogg
156,"Lyric Pieces Book III, Opus 43(1886)",2,http://www.piano-midi.de/midis/grieg/grieg_wanderer.mid,http://www.piano-midi.de/midis/grieg/grieg_wanderer_format0.mid,http://www.piano-midi.de/mp3/grieg/grieg_wanderer.mp3,http://www.piano-midi.de/ogg/grieg/grieg_wanderer.ogg
157,"Lyric Pieces Book III, Opus 43(1886)",3,http://www.piano-midi.de/midis/grieg/grieg_voeglein.mid,http://www.piano-midi.de/midis/grieg/grieg_voeglein_format0.mid,http://www.piano-midi.de/mp3/grieg/grieg_voeglein.mp3,http://www.piano-midi.de/ogg/grieg/grieg_voeglein.ogg
158,"Lyric Pieces Book III, Opus 43(1886)",4,http://www.piano-midi.de/midis/grieg/grieg_spring.mid,http://www.piano-midi.de/midis/grieg/grieg_spring_format0.mid,http://www.piano-midi.de/mp3/grieg/grieg_spring.mp3,http://www.piano-midi.de/ogg/grieg/grieg_spring.ogg
159,"Lyric Pieces Book IV , Opus 47",1,http://www.piano-midi.de/midis/grieg/grieg_album.mid,http://www.piano-midi.de/midis/grieg/grieg_album_format0.mid,http://www.piano-midi.de/mp3/grieg/grieg_album.mp3,http://www.piano-midi.de/ogg/grieg/grieg_album.ogg
160,"Lyric Pieces Book V, Opus 54(1891)",1,http://www.piano-midi.de/midis/grieg/grieg_march.mid,http://www.piano-midi.de/midis/grieg/grieg_march_format0.mid,http://www.piano-midi.de/mp3/grieg/grieg_march.mp3,http://www.piano-midi.de/ogg/grieg/grieg_march.ogg
161,"Lyric Pieces Book V, Opus 54(1891)",2,http://www.piano-midi.de/midis/grieg/grieg_zwerge.mid,http://www.piano-midi.de/midis/grieg/grieg_zwerge_format0.mid,http://www.piano-midi.de/mp3/grieg/grieg_zwerge.mp3,http://www.piano-midi.de/ogg/grieg/grieg_zwerge.ogg
162,"Lyric Pieces Book VII , Opus 62(1895)",1,http://www.piano-midi.de/midis/grieg/grieg_brooklet.mid,http://www.piano-midi.de/midis/grieg/grieg_brooklet_format0.mid,http://www.piano-midi.de/mp3/grieg/grieg_brooklet.mp3,http://www.piano-midi.de/ogg/grieg/grieg_brooklet.ogg
163,"Lyric Pieces Book VIII, Opus 65",1,http://www.piano-midi.de/midis/grieg/grieg_wedding.mid,http://www.piano-midi.de/midis/grieg/grieg_wedding_format0.mid,http://www.piano-midi.de/mp3/grieg/grieg_wedding.mp3,http://www.piano-midi.de/ogg/grieg/grieg_wedding.ogg
164,"Lyric Pieces Book X, Opus 71(1901)",1,http://www.piano-midi.de/midis/grieg/grieg_once_upon_a_time.mid,http://www.piano-midi.de/midis/grieg/grieg_once_upon_a_time_format0.mid,http://www.piano-midi.de/mp3/grieg/grieg_once_upon_a_time.mp3,http://www.piano-midi.de/ogg/grieg/grieg_once_upon_a_time.ogg
165,"Lyric Pieces Book X, Opus 71(1901)",2,http://www.piano-midi.de/midis/grieg/grieg_kobold.mid,http://www.piano-midi.de/midis/grieg/grieg_kobold_format0.mid,http://www.piano-midi.de/mp3/grieg/grieg_kobold.mp3,http://www.piano-midi.de/ogg/grieg/grieg_kobold.ogg
166,"Piano Sonata in C major, Hoboken XVI:7(1766)",1,http://www.piano-midi.de/midis/haydn/haydn_7_1.mid,http://www.piano-midi.de/midis/haydn/haydn_7_1_format0.mid,http://www.piano-midi.de/mp3/haydn/haydn_7_1.mp3,http://www.piano-midi.de/ogg/haydn/haydn_7_1.ogg
167,"Piano Sonata in C major, Hoboken XVI:7(1766)",2,http://www.piano-midi.de/midis/haydn/haydn_7_2.mid,http://www.piano-midi.de/midis/haydn/haydn_7_2_format0.mid,http://www.piano-midi.de/mp3/haydn/haydn_7_2.mp3,http://www.piano-midi.de/ogg/haydn/haydn_7_2.ogg
168,"Piano Sonata in C major, Hoboken XVI:7(1766)",3,http://www.piano-midi.de/midis/haydn/haydn_7_3.mid,http://www.piano-midi.de/midis/haydn/haydn_7_3_format0.mid,http://www.piano-midi.de/mp3/haydn/haydn_7_3.mp3,http://www.piano-midi.de/ogg/haydn/haydn_7_3.ogg
169,"Piano Sonata in G major, Hoboken XVI:8(1766)",1,http://www.piano-midi.de/midis/haydn/haydn_8_1.mid,http://www.piano-midi.de/midis/haydn/haydn_8_1_format0.mid,http://www.piano-midi.de/mp3/haydn/haydn_8_1.mp3,http://www.piano-midi.de/ogg/haydn/haydn_8_1.ogg
170,"Piano Sonata in G major, Hoboken XVI:8(1766)",2,http://www.piano-midi.de/midis/haydn/haydn_8_2.mid,http://www.piano-midi.de/midis/haydn/haydn_8_2_format0.mid,http://www.piano-midi.de/mp3/haydn/haydn_8_2.mp3,http://www.piano-midi.de/ogg/haydn/haydn_8_2.ogg
171,"Piano Sonata in G major, Hoboken XVI:8(1766)",3,http://www.piano-midi.de/midis/haydn/haydn_8_3.mid,http://www.piano-midi.de/midis/haydn/haydn_8_3_format0.mid,http://www.piano-midi.de/mp3/haydn/haydn_8_3.mp3,http://www.piano-midi.de/ogg/haydn/haydn_8_3.ogg
172,"Piano Sonata in G major, Hoboken XVI:8(1766)",4,http://www.piano-midi.de/midis/haydn/haydn_8_4.mid,http://www.piano-midi.de/midis/haydn/haydn_8_4_format0.mid,http://www.piano-midi.de/mp3/haydn/haydn_8_4.mp3,http://www.piano-midi.de/ogg/haydn/haydn_8_4.ogg
173,"Piano Sonata in F major, Hoboken XVI:9(1766)",1,http://www.piano-midi.de/midis/haydn/haydn_9_1.mid,http://www.piano-midi.de/midis/haydn/haydn_9_1_format0.mid,http://www.piano-midi.de/mp3/haydn/haydn_9_1.mp3,http://www.piano-midi.de/ogg/haydn/haydn_9_1.ogg
174,"Piano Sonata in F major, Hoboken XVI:9(1766)",2,http://www.piano-midi.de/midis/haydn/haydn_9_2.mid,http://www.piano-midi.de/midis/haydn/haydn_9_2_format0.mid,http://www.piano-midi.de/mp3/haydn/haydn_9_2.mp3,http://www.piano-midi.de/ogg/haydn/haydn_9_2.ogg
175,"Piano Sonata in F major, Hoboken XVI:9(1766)",3,http://www.piano-midi.de/midis/haydn/haydn_9_3.mid,http://www.piano-midi.de/midis/haydn/haydn_9_3_format0.mid,http://www.piano-midi.de/mp3/haydn/haydn_9_3.mp3,http://www.piano-midi.de/ogg/haydn/haydn_9_3.ogg
176,"Piano Sonata in D major, Hoboken XVI:33(1778)",1,http://www.piano-midi.de/midis/haydn/haydn_33_1.mid,http://www.piano-midi.de/midis/haydn/haydn_33_1_format0.mid,http://www.piano-midi.de/mp3/haydn/haydn_33_1.mp3,http://www.piano-midi.de/ogg/haydn/haydn_33_1.ogg
177,"Piano Sonata in D major, Hoboken XVI:33(1778)",2,http://www.piano-midi.de/midis/haydn/haydn_33_2.mid,http://www.piano-midi.de/midis/haydn/haydn_33_2_format0.mid,http://www.piano-midi.de/mp3/haydn/haydn_33_2.mp3,http://www.piano-midi.de/ogg/haydn/haydn_33_2.ogg
178,"Piano Sonata in D major, Hoboken XVI:33(1778)",3,http://www.piano-midi.de/midis/haydn/haydn_33_3.mid,http://www.piano-midi.de/midis/haydn/haydn_33_3_format0.mid,http://www.piano-midi.de/mp3/haydn/haydn_33_3.mp3,http://www.piano-midi.de/ogg/haydn/haydn_33_3.ogg
179,"Piano Sonata in C major, Hoboken XVI:35(1780)",1,http://www.piano-midi.de/midis/haydn/haydn_35_1.mid,http://www.piano-midi.de/midis/haydn/haydn_35_1_format0.mid,http://www.piano-midi.de/mp3/haydn/haydn_35_1.mp3,http://www.piano-midi.de/ogg/haydn/haydn_35_1.ogg
180,"Piano Sonata in C major, Hoboken XVI:35(1780)",2,http://www.piano-midi.de/midis/haydn/haydn_35_2.mid,http://www.piano-midi.de/midis/haydn/haydn_35_2_format0.mid,http://www.piano-midi.de/mp3/haydn/haydn_35_2.mp3,http://www.piano-midi.de/ogg/haydn/haydn_35_2.ogg
181,"Piano Sonata in C major, Hoboken XVI:35(1780)",3,http://www.piano-midi.de/midis/haydn/haydn_35_3.mid,http://www.piano-midi.de/midis/haydn/haydn_35_3_format0.mid,http://www.piano-midi.de/mp3/haydn/haydn_35_3.mp3,http://www.piano-midi.de/ogg/haydn/haydn_35_3.ogg
182,"Piano Sonata in G major, Hoboken XVI:40(1784)",1,http://www.piano-midi.de/midis/haydn/hay_40_1.mid,http://www.piano-midi.de/midis/haydn/hay_40_1_format0.mid,http://www.piano-midi.de/mp3/haydn/hay_40_1.mp3,http://www.piano-midi.de/ogg/haydn/hay_40_1.ogg
183,"Piano Sonata in G major, Hoboken XVI:40(1784)",2,http://www.piano-midi.de/midis/haydn/hay_40_2.mid,http://www.piano-midi.de/midis/haydn/hay_40_2_format0.mid,http://www.piano-midi.de/mp3/haydn/hay_40_2.mp3,http://www.piano-midi.de/ogg/haydn/hay_40_2.ogg
184,"Piano Sonata in Ab major, Hoboken XVI:43(1783)",1,http://www.piano-midi.de/midis/haydn/haydn_43_1.mid,http://www.piano-midi.de/midis/haydn/haydn_43_1_format0.mid,http://www.piano-midi.de/mp3/haydn/haydn_43_1.mp3,http://www.piano-midi.de/ogg/haydn/haydn_43_1.ogg
185,"Piano Sonata in Ab major, Hoboken XVI:43(1783)",2,http://www.piano-midi.de/midis/haydn/haydn_43_2.mid,http://www.piano-midi.de/midis/haydn/haydn_43_2_format0.mid,http://www.piano-midi.de/mp3/haydn/haydn_43_2.mp3,http://www.piano-midi.de/ogg/haydn/haydn_43_2.ogg
186,"Piano Sonata in Ab major, Hoboken XVI:43(1783)",3,http://www.piano-midi.de/midis/haydn/haydn_43_3.mid,http://www.piano-midi.de/midis/haydn/haydn_43_3_format0.mid,http://www.piano-midi.de/mp3/haydn/haydn_43_3.mp3,http://www.piano-midi.de/ogg/haydn/haydn_43_3.ogg
187,Reminiscences de Don Juan(Fantasia on Mozart's Don Giovanni)(1841),1,http://www.piano-midi.de/midis/liszt/liz_donjuan.mid,http://www.piano-midi.de/midis/liszt/liz_donjuan_format0.mid,http://www.piano-midi.de/mp3/liszt/liz_donjuan.mp3,http://www.piano-midi.de/ogg/liszt/liz_donjuan.ogg
188,Love dreams(1850),1,http://www.piano-midi.de/midis/liszt/liz_liebestraum.mid,http://www.piano-midi.de/midis/liszt/liz_liebestraum_format0.mid,http://www.piano-midi.de/mp3/liszt/liz_liebestraum.mp3,http://www.piano-midi.de/ogg/liszt/liz_liebestraum.ogg
189,Grandes Etudes de Paganini(1851),1,http://www.piano-midi.de/midis/liszt/liz_et1.mid,http://www.piano-midi.de/midis/liszt/liz_et1_format0.mid,http://www.piano-midi.de/mp3/liszt/liz_et1.mp3,http://www.piano-midi.de/ogg/liszt/liz_et1.ogg
190,Grandes Etudes de Paganini(1851),2,http://www.piano-midi.de/midis/liszt/liz_et2.mid,http://www.piano-midi.de/midis/liszt/liz_et2_format0.mid,http://www.piano-midi.de/mp3/liszt/liz_et2.mp3,http://www.piano-midi.de/ogg/liszt/liz_et2.ogg
191,Grandes Etudes de Paganini(1851),3,http://www.piano-midi.de/midis/liszt/liz_et3.mid,http://www.piano-midi.de/midis/liszt/liz_et3_format0.mid,http://www.piano-midi.de/mp3/liszt/liz_et3.mp3,http://www.piano-midi.de/ogg/liszt/liz_et3.ogg
192,Grandes Etudes de Paganini(1851),4,http://www.piano-midi.de/noten/liszt/liz_et3_IMSLP29890.pdf,http://www.piano-midi.de/video/liszt/liz_et3.wmv,http://www.piano-midi.de/midis/liszt/liz_et4.mid,http://www.piano-midi.de/midis/liszt/liz_et4_format0.mid
193,Grandes Etudes de Paganini(1851),5,http://www.piano-midi.de/mp3/liszt/liz_et4.mp3,http://www.piano-midi.de/ogg/liszt/liz_et4.ogg,http://www.piano-midi.de/midis/liszt/liz_et5.mid,http://www.piano-midi.de/midis/liszt/liz_et5_format0.mid
194,Grandes Etudes de Paganini(1851),6,http://www.piano-midi.de/mp3/liszt/liz_et5.mp3,http://www.piano-midi.de/ogg/liszt/liz_et5.ogg,http://www.piano-midi.de/midis/liszt/liz_et6.mid,http://www.piano-midi.de/midis/liszt/liz_et6_format0.mid
195,?tudes d'ex?cution transcendante(1851),1,http://www.piano-midi.de/midis/liszt/liz_et_trans4.mid,http://www.piano-midi.de/midis/liszt/liz_et_trans4_format0.mid,http://www.piano-midi.de/mp3/liszt/liz_et_trans4.mp3,http://www.piano-midi.de/ogg/liszt/liz_et_trans4.ogg
196,?tudes d'ex?cution transcendante(1851),2,http://www.piano-midi.de/midis/liszt/liz_et_trans5.mid,http://www.piano-midi.de/midis/liszt/liz_et_trans5_format0.mid,http://www.piano-midi.de/mp3/liszt/liz_et_trans5.mp3,http://www.piano-midi.de/ogg/liszt/liz_et_trans5.ogg
197,?tudes d'ex?cution transcendante(1851),3,http://www.piano-midi.de/midis/liszt/liz_et_trans8.mid,http://www.piano-midi.de/midis/liszt/liz_et_trans8_format0.mid,http://www.piano-midi.de/mp3/liszt/liz_et_trans8.mp3,http://www.piano-midi.de/ogg/liszt/liz_et_trans8.ogg
198,19 Hungarian Rhapsodies(1885),1,http://www.piano-midi.de/midis/liszt/liz_rhap02.mid,http://www.piano-midi.de/midis/liszt/liz_rhap02_format0.mid,http://www.piano-midi.de/mp3/liszt/liz_rhap02.mp3,http://www.piano-midi.de/ogg/liszt/liz_rhap02.ogg
199,19 Hungarian Rhapsodies(1885),2,http://www.piano-midi.de/midis/liszt/liz_rhap09.mid,http://www.piano-midi.de/midis/liszt/liz_rhap09_format0.mid,http://www.piano-midi.de/mp3/liszt/liz_rhap09.mp3,http://www.piano-midi.de/ogg/liszt/liz_rhap09.ogg
200,19 Hungarian Rhapsodies(1885),3,http://www.piano-midi.de/midis/liszt/liz_rhap10.mid,http://www.piano-midi.de/midis/liszt/liz_rhap10_format0.mid,http://www.piano-midi.de/mp3/liszt/liz_rhap10.mp3,http://www.piano-midi.de/ogg/liszt/liz_rhap10.ogg
201,19 Hungarian Rhapsodies(1885),4,http://www.piano-midi.de/midis/liszt/liz_rhap12.mid,http://www.piano-midi.de/midis/liszt/liz_rhap12_format0.mid,http://www.piano-midi.de/mp3/liszt/liz_rhap12.mp3,http://www.piano-midi.de/ogg/liszt/liz_rhap12.ogg
202,19 Hungarian Rhapsodies(1885),5,http://www.piano-midi.de/midis/liszt/liz_rhap15.mid,http://www.piano-midi.de/midis/liszt/liz_rhap15_format0.mid,http://www.piano-midi.de/mp3/liszt/liz_rhap15.mp3,http://www.piano-midi.de/ogg/liszt/liz_rhap15.ogg
203,"Songs without Words Book 1, Opus 19(1830)",1,http://www.piano-midi.de/midis/mendelssohn/mendel_op19_1.mid,http://www.piano-midi.de/midis/mendelssohn/mendel_op19_1_format0.mid,http://www.piano-midi.de/mp3/mendelssohn/mendel_op19_1.mp3,http://www.piano-midi.de/ogg/mendelssohn/mendel_op19_1.ogg
204,"Songs without Words Book 1, Opus 19(1830)",2,http://www.piano-midi.de/midis/mendelssohn/mendel_op19_2.mid,http://www.piano-midi.de/midis/mendelssohn/mendel_op19_2_format0.mid,http://www.piano-midi.de/mp3/mendelssohn/mendel_op19_2.mp3,http://www.piano-midi.de/ogg/mendelssohn/mendel_op19_2.ogg
205,"Songs without Words Book 1, Opus 19(1830)",3,http://www.piano-midi.de/midis/mendelssohn/mendel_op19_3.mid,http://www.piano-midi.de/midis/mendelssohn/mendel_op19_3_format0.mid,http://www.piano-midi.de/mp3/mendelssohn/mendel_op19_3.mp3,http://www.piano-midi.de/ogg/mendelssohn/mendel_op19_3.ogg
206,"Songs without Words Book 1, Opus 19(1830)",4,http://www.piano-midi.de/midis/mendelssohn/mendel_op19_4.mid,http://www.piano-midi.de/midis/mendelssohn/mendel_op19_4_format0.mid,http://www.piano-midi.de/mp3/mendelssohn/mendel_op19_4.mp3,http://www.piano-midi.de/ogg/mendelssohn/mendel_op19_4.ogg
207,"Songs without Words Book 1, Opus 19(1830)",5,http://www.piano-midi.de/midis/mendelssohn/mendel_op19_5.mid,http://www.piano-midi.de/midis/mendelssohn/mendel_op19_5_format0.mid,http://www.piano-midi.de/mp3/mendelssohn/mendel_op19_5.mp3,http://www.piano-midi.de/ogg/mendelssohn/mendel_op19_5.ogg
208,"Songs without Words Book 1, Opus 19(1830)",6,http://www.piano-midi.de/midis/mendelssohn/mendel_op19_6.mid,http://www.piano-midi.de/midis/mendelssohn/mendel_op19_6_format0.mid,http://www.piano-midi.de/mp3/mendelssohn/mendel_op19_6.mp3,http://www.piano-midi.de/ogg/mendelssohn/mendel_op19_6.ogg
209,"Songs without Words Book 2, Opus 30(1834)",1,http://www.piano-midi.de/midis/mendelssohn/mendel_op30_1.mid,http://www.piano-midi.de/midis/mendelssohn/mendel_op30_1_format0.mid,http://www.piano-midi.de/mp3/mendelssohn/mendel_op30_1.mp3,http://www.piano-midi.de/ogg/mendelssohn/mendel_op30_1.ogg
210,"Songs without Words Book 2, Opus 30(1834)",2,http://www.piano-midi.de/midis/mendelssohn/mendel_op30_2.mid,http://www.piano-midi.de/midis/mendelssohn/mendel_op30_2_format0.mid,http://www.piano-midi.de/mp3/mendelssohn/mendel_op30_2.mp3,http://www.piano-midi.de/ogg/mendelssohn/mendel_op30_2.ogg
211,"Songs without Words Book 2, Opus 30(1834)",3,http://www.piano-midi.de/midis/mendelssohn/mendel_op30_3.mid,http://www.piano-midi.de/midis/mendelssohn/mendel_op30_3_format0.mid,http://www.piano-midi.de/mp3/mendelssohn/mendel_op30_3.mp3,http://www.piano-midi.de/ogg/mendelssohn/mendel_op30_3.ogg
212,"Songs without Words Book 2, Opus 30(1834)",4,http://www.piano-midi.de/midis/mendelssohn/mendel_op30_4.mid,http://www.piano-midi.de/midis/mendelssohn/mendel_op30_4_format0.mid,http://www.piano-midi.de/mp3/mendelssohn/mendel_op30_4.mp3,http://www.piano-midi.de/ogg/mendelssohn/mendel_op30_4.ogg
213,"Songs without Words Book 2, Opus 30(1834)",5,http://www.piano-midi.de/midis/mendelssohn/mendel_op30_5.mid,http://www.piano-midi.de/midis/mendelssohn/mendel_op30_5_format0.mid,http://www.piano-midi.de/mp3/mendelssohn/mendel_op30_5.mp3,http://www.piano-midi.de/ogg/mendelssohn/mendel_op30_5.ogg
214,"Songs without Words Book 4, Opus 53(1841)",1,http://www.piano-midi.de/midis/mendelssohn/mendel_op53_5.mid,http://www.piano-midi.de/midis/mendelssohn/mendel_op53_5_format0.mid,http://www.piano-midi.de/mp3/mendelssohn/mendel_op53_5.mp3,http://www.piano-midi.de/ogg/mendelssohn/mendel_op53_5.ogg
215,"Songs without Words Book 5, Opus 62(1844)",1,http://www.piano-midi.de/midis/mendelssohn/mendel_op62_3.mid,http://www.piano-midi.de/midis/mendelssohn/mendel_op62_3_format0.mid,http://www.piano-midi.de/mp3/mendelssohn/mendel_op62_3.mp3,http://www.piano-midi.de/ogg/mendelssohn/mendel_op62_3.ogg
216,"Songs without Words Book 5, Opus 62(1844)",2,http://www.piano-midi.de/midis/mendelssohn/mendel_op62_4.mid,http://www.piano-midi.de/midis/mendelssohn/mendel_op62_4_format0.mid,http://www.piano-midi.de/mp3/mendelssohn/mendel_op62_4.mp3,http://www.piano-midi.de/ogg/mendelssohn/mendel_op62_4.ogg
217,"Songs without Words Book 5, Opus 62(1844)",3,http://www.piano-midi.de/midis/mendelssohn/mendel_op62_5.mid,http://www.piano-midi.de/midis/mendelssohn/mendel_op62_5_format0.mid,http://www.piano-midi.de/mp3/mendelssohn/mendel_op62_5.mp3,http://www.piano-midi.de/ogg/mendelssohn/mendel_op62_5.ogg
218,"?tincelles, Opus 36",1,http://www.piano-midi.de/midis/moszkowski/mos_op36_6.mid,http://www.piano-midi.de/midis/moszkowski/mos_op36_6_format0.mid,http://www.piano-midi.de/mp3/moszkowski/mos_op36_6.mp3,http://www.piano-midi.de/ogg/moszkowski/mos_op36_6.ogg
219,"Sonata No. 8 D major, KV 311(1777)",1,http://www.piano-midi.de/midis/mozart/mz_311_1.mid,http://www.piano-midi.de/midis/mozart/mz_311_1_format0.mid,http://www.piano-midi.de/mp3/mozart/mz_311_1.mp3,http://www.piano-midi.de/ogg/mozart/mz_311_1.ogg
220,"Sonata No. 8 D major, KV 311(1777)",2,http://www.piano-midi.de/midis/mozart/mz_311_2.mid,http://www.piano-midi.de/midis/mozart/mz_311_2_format0.mid,http://www.piano-midi.de/mp3/mozart/mz_311_2.mp3,http://www.piano-midi.de/ogg/mozart/mz_311_2.ogg
221,"Sonata No. 8 D major, KV 311(1777)",3,http://www.piano-midi.de/midis/mozart/mz_311_3.mid,http://www.piano-midi.de/midis/mozart/mz_311_3_format0.mid,http://www.piano-midi.de/mp3/mozart/mz_311_3.mp3,http://www.piano-midi.de/ogg/mozart/mz_311_3.ogg
222,"Sonata No. 10 C major, KV 330(1783)",1,http://www.piano-midi.de/midis/mozart/mz_330_1.mid,http://www.piano-midi.de/midis/mozart/mz_330_1_format0.mid,http://www.piano-midi.de/mp3/mozart/mz_330_1.mp3,http://www.piano-midi.de/ogg/mozart/mz_330_1.ogg
223,"Sonata No. 10 C major, KV 330(1783)",2,http://www.piano-midi.de/midis/mozart/mz_330_2.mid,http://www.piano-midi.de/midis/mozart/mz_330_2_format0.mid,http://www.piano-midi.de/mp3/mozart/mz_330_2.mp3,http://www.piano-midi.de/ogg/mozart/mz_330_2.ogg
224,"Sonata No. 10 C major, KV 330(1783)",3,http://www.piano-midi.de/midis/mozart/mz_330_3.mid,http://www.piano-midi.de/midis/mozart/mz_330_3_format0.mid,http://www.piano-midi.de/mp3/mozart/mz_330_3.mp3,http://www.piano-midi.de/ogg/mozart/mz_330_3.ogg
225,"Sonata No. 11 A major(Alla Turca), KV 331(1783)",1,http://www.piano-midi.de/midis/mozart/mz_331_1.mid,http://www.piano-midi.de/midis/mozart/mz_331_1_format0.mid,http://www.piano-midi.de/mp3/mozart/mz_331_1.mp3,http://www.piano-midi.de/ogg/mozart/mz_331_1.ogg
226,"Sonata No. 11 A major(Alla Turca), KV 331(1783)",2,http://www.piano-midi.de/midis/mozart/mz_331_2.mid,http://www.piano-midi.de/midis/mozart/mz_331_2_format0.mid,http://www.piano-midi.de/mp3/mozart/mz_331_2.mp3,http://www.piano-midi.de/ogg/mozart/mz_331_2.ogg
227,"Sonata No. 11 A major(Alla Turca), KV 331(1783)",3,http://www.piano-midi.de/midis/mozart/mz_331_3.mid,http://www.piano-midi.de/midis/mozart/mz_331_3_format0.mid,http://www.piano-midi.de/mp3/mozart/mz_331_3.mp3,http://www.piano-midi.de/ogg/mozart/mz_331_3.ogg
228,"Sonata No. 12 F major, KV 332(1783)",1,http://www.piano-midi.de/midis/mozart/mz_332_1.mid,http://www.piano-midi.de/midis/mozart/mz_332_1_format0.mid,http://www.piano-midi.de/mp3/mozart/mz_332_1.mp3,http://www.piano-midi.de/ogg/mozart/mz_332_1.ogg
229,"Sonata No. 12 F major, KV 332(1783)",2,http://www.piano-midi.de/midis/mozart/mz_332_2.mid,http://www.piano-midi.de/midis/mozart/mz_332_2_format0.mid,http://www.piano-midi.de/mp3/mozart/mz_332_2.mp3,http://www.piano-midi.de/ogg/mozart/mz_332_2.ogg
230,"Sonata No. 12 F major, KV 332(1783)",3,http://www.piano-midi.de/midis/mozart/mz_332_3.mid,http://www.piano-midi.de/midis/mozart/mz_332_3_format0.mid,http://www.piano-midi.de/mp3/mozart/mz_332_3.mp3,http://www.piano-midi.de/ogg/mozart/mz_332_3.ogg
231,"Sonata No. 13 Bb major, KV 333(1783)",1,http://www.piano-midi.de/midis/mozart/mz_333_1.mid,http://www.piano-midi.de/midis/mozart/mz_333_1_format0.mid,http://www.piano-midi.de/mp3/mozart/mz_333_1.mp3,http://www.piano-midi.de/ogg/mozart/mz_333_1.ogg
232,"Sonata No. 13 Bb major, KV 333(1783)",2,http://www.piano-midi.de/midis/mozart/mz_333_2.mid,http://www.piano-midi.de/midis/mozart/mz_333_2_format0.mid,http://www.piano-midi.de/mp3/mozart/mz_333_2.mp3,http://www.piano-midi.de/ogg/mozart/mz_333_2.ogg
233,"Sonata No. 13 Bb major, KV 333(1783)",3,http://www.piano-midi.de/midis/mozart/mz_333_3.mid,http://www.piano-midi.de/midis/mozart/mz_333_3_format0.mid,http://www.piano-midi.de/mp3/mozart/mz_333_3.mp3,http://www.piano-midi.de/ogg/mozart/mz_333_3.ogg
234,"Sonata No. 16 C major(Sonata facile), KV 545(1788)",1,http://www.piano-midi.de/midis/mozart/mz_545_1.mid,http://www.piano-midi.de/midis/mozart/mz_545_1_format0.mid,http://www.piano-midi.de/mp3/mozart/mz_545_1.mp3,http://www.piano-midi.de/ogg/mozart/mz_545_1.ogg
235,"Sonata No. 16 C major(Sonata facile), KV 545(1788)",2,http://www.piano-midi.de/midis/mozart/mz_545_2.mid,http://www.piano-midi.de/midis/mozart/mz_545_2_format0.mid,http://www.piano-midi.de/mp3/mozart/mz_545_2.mp3,http://www.piano-midi.de/ogg/mozart/mz_545_2.ogg
236,"Sonata No. 16 C major(Sonata facile), KV 545(1788)",3,http://www.piano-midi.de/midis/mozart/mz_545_3.mid,http://www.piano-midi.de/midis/mozart/mz_545_3_format0.mid,http://www.piano-midi.de/mp3/mozart/mz_545_3.mp3,http://www.piano-midi.de/ogg/mozart/mz_545_3.ogg
237,"Sonata No. 17 Bb major, KV 570(1789)",1,http://www.piano-midi.de/midis/mozart/mz_570_1.mid,http://www.piano-midi.de/midis/mozart/mz_570_1_format0.mid,http://www.piano-midi.de/mp3/mozart/mz_570_1.mp3,http://www.piano-midi.de/ogg/mozart/mz_570_1.ogg
238,"Sonata No. 17 Bb major, KV 570(1789)",2,http://www.piano-midi.de/midis/mozart/mz_570_2.mid,http://www.piano-midi.de/midis/mozart/mz_570_2_format0.mid,http://www.piano-midi.de/mp3/mozart/mz_570_2.mp3,http://www.piano-midi.de/ogg/mozart/mz_570_2.ogg
239,"Sonata No. 17 Bb major, KV 570(1789)",3,http://www.piano-midi.de/midis/mozart/mz_570_3.mid,http://www.piano-midi.de/midis/mozart/mz_570_3_format0.mid,http://www.piano-midi.de/mp3/mozart/mz_570_3.mp3,http://www.piano-midi.de/ogg/mozart/mz_570_3.ogg
240,Pictures at an Exhibition(1874),1,http://www.piano-midi.de/midis/mussorgsky/muss_1.mid,http://www.piano-midi.de/midis/mussorgsky/muss_1_format0.mid,http://www.piano-midi.de/mp3/mussorgsky/muss_1.mp3,http://www.piano-midi.de/ogg/mussorgsky/muss_1.ogg
241,Pictures at an Exhibition(1874),2,http://www.piano-midi.de/midis/mussorgsky/muss_2.mid,http://www.piano-midi.de/midis/mussorgsky/muss_2_format0.mid,http://www.piano-midi.de/mp3/mussorgsky/muss_2.mp3,http://www.piano-midi.de/ogg/mussorgsky/muss_2.ogg
242,Pictures at an Exhibition(1874),3,http://www.piano-midi.de/midis/mussorgsky/muss_3.mid,http://www.piano-midi.de/midis/mussorgsky/muss_3_format0.mid,http://www.piano-midi.de/mp3/mussorgsky/muss_3.mp3,http://www.piano-midi.de/ogg/mussorgsky/muss_3.ogg
243,Pictures at an Exhibition(1874),4,http://www.piano-midi.de/midis/mussorgsky/muss_4.mid,http://www.piano-midi.de/midis/mussorgsky/muss_4_format0.mid,http://www.piano-midi.de/mp3/mussorgsky/muss_4.mp3,http://www.piano-midi.de/ogg/mussorgsky/muss_4.ogg
244,Pictures at an Exhibition(1874),5,http://www.piano-midi.de/midis/mussorgsky/muss_5.mid,http://www.piano-midi.de/midis/mussorgsky/muss_5_format0.mid,http://www.piano-midi.de/mp3/mussorgsky/muss_5.mp3,http://www.piano-midi.de/ogg/mussorgsky/muss_5.ogg
245,Pictures at an Exhibition(1874),6,http://www.piano-midi.de/midis/mussorgsky/muss_6.mid,http://www.piano-midi.de/midis/mussorgsky/muss_6_format0.mid,http://www.piano-midi.de/mp3/mussorgsky/muss_6.mp3,http://www.piano-midi.de/ogg/mussorgsky/muss_6.ogg
246,Pictures at an Exhibition(1874),7,http://www.piano-midi.de/midis/mussorgsky/muss_7.mid,http://www.piano-midi.de/midis/mussorgsky/muss_7_format0.mid,http://www.piano-midi.de/mp3/mussorgsky/muss_7.mp3,http://www.piano-midi.de/ogg/mussorgsky/muss_7.ogg
247,Pictures at an Exhibition(1874),8,http://www.piano-midi.de/midis/mussorgsky/muss_8.mid,http://www.piano-midi.de/midis/mussorgsky/muss_8_format0.mid,http://www.piano-midi.de/mp3/mussorgsky/muss_8.mp3,http://www.piano-midi.de/ogg/mussorgsky/muss_8.ogg
248,"Pr?lude C# minor, Opus 3/2(1892)",1,http://www.piano-midi.de/midis/rachmaninow/rac_op3_2.mid,http://www.piano-midi.de/midis/rachmaninow/rac_op3_2_format0.mid,http://www.piano-midi.de/mp3/rachmaninow/rac_op3_2.mp3,http://www.piano-midi.de/ogg/rachmaninow/rac_op3_2.ogg
249,"10 Pr?ludes, Opus 23(1903)",1,http://www.piano-midi.de/midis/rachmaninow/rac_op23_2.mid,http://www.piano-midi.de/midis/rachmaninow/rac_op23_2_format0.mid,http://www.piano-midi.de/mp3/rachmaninow/rac_op23_2.mp3,http://www.piano-midi.de/ogg/rachmaninow/rac_op23_2.ogg
250,"10 Pr?ludes, Opus 23(1903)",2,http://www.piano-midi.de/midis/rachmaninow/rac_op23_3.mid,http://www.piano-midi.de/midis/rachmaninow/rac_op23_3_format0.mid,http://www.piano-midi.de/mp3/rachmaninow/rac_op23_3.mp3,http://www.piano-midi.de/ogg/rachmaninow/rac_op23_3.ogg
251,"10 Pr?ludes, Opus 23(1903)",3,http://www.piano-midi.de/midis/rachmaninow/rac_op23_5.mid,http://www.piano-midi.de/midis/rachmaninow/rac_op23_5_format0.mid,http://www.piano-midi.de/mp3/rachmaninow/rac_op23_5.mp3,http://www.piano-midi.de/ogg/rachmaninow/rac_op23_5.ogg
252,"10 Pr?ludes, Opus 23(1903)",4,http://www.piano-midi.de/midis/rachmaninow/rac_op23_7.mid,http://www.piano-midi.de/midis/rachmaninow/rac_op23_7_format0.mid,http://www.piano-midi.de/mp3/rachmaninow/rac_op23_7.mp3,http://www.piano-midi.de/ogg/rachmaninow/rac_op23_7.ogg
253,"13 Pr?ludes, Opus 32(1910)",1,http://www.piano-midi.de/midis/rachmaninow/rac_op32_1.mid,http://www.piano-midi.de/midis/rachmaninow/rac_op32_1_format0.mid,http://www.piano-midi.de/mp3/rachmaninow/rac_op32_1.mp3,http://www.piano-midi.de/ogg/rachmaninow/rac_op32_1.ogg
254,"13 Pr?ludes, Opus 32(1910)",2,http://www.piano-midi.de/midis/rachmaninow/rac_op32_13.mid,http://www.piano-midi.de/midis/rachmaninow/rac_op32_13_format0.mid,http://www.piano-midi.de/mp3/rachmaninow/rac_op32_13.mp3,http://www.piano-midi.de/ogg/rachmaninow/rac_op32_13.ogg
255,"8 ?tudes-tableaux, Opus 33(1914)",1,http://www.piano-midi.de/midis/rachmaninow/rac_op33_5.mid,http://www.piano-midi.de/midis/rachmaninow/rac_op33_5_format0.mid,http://www.piano-midi.de/mp3/rachmaninow/rac_op33_5.mp3,http://www.piano-midi.de/ogg/rachmaninow/rac_op33_5.ogg
256,"8 ?tudes-tableaux, Opus 33(1914)",2,http://www.piano-midi.de/midis/rachmaninow/rac_op33_6.mid,http://www.piano-midi.de/midis/rachmaninow/rac_op33_6_format0.mid,http://www.piano-midi.de/mp3/rachmaninow/rac_op33_6.mp3,http://www.piano-midi.de/ogg/rachmaninow/rac_op33_6.ogg
257,"8 ?tudes-tableaux, Opus 33(1914)",3,http://www.piano-midi.de/midis/rachmaninow/rac_op33_8.mid,http://www.piano-midi.de/midis/rachmaninow/rac_op33_8_format0.mid,http://www.piano-midi.de/mp3/rachmaninow/rac_op33_8.mp3,http://www.piano-midi.de/ogg/rachmaninow/rac_op33_8.ogg
258,Jeux d'eau(1901),1,http://www.piano-midi.de/midis/ravel/rav_eau.mid,http://www.piano-midi.de/midis/ravel/rav_eau_format0.mid,http://www.piano-midi.de/mp3/ravel/rav_eau.mp3,http://www.piano-midi.de/ogg/ravel/rav_eau.ogg
259,Miroirs(1905),1,http://www.piano-midi.de/midis/ravel/ravel_miroirs_1.mid,http://www.piano-midi.de/midis/ravel/ravel_miroirs_1_format0.mid,http://www.piano-midi.de/mp3/ravel/ravel_miroirs_1.mp3,http://www.piano-midi.de/ogg/ravel/ravel_miroirs_1.ogg
260,Gaspard de la Nuit(1908),1,http://www.piano-midi.de/midis/ravel/rav_ondi.mid,http://www.piano-midi.de/midis/ravel/rav_ondi_format0.mid,http://www.piano-midi.de/mp3/ravel/rav_ondi.mp3,http://www.piano-midi.de/ogg/ravel/rav_ondi.ogg
261,Gaspard de la Nuit(1908),2,http://www.piano-midi.de/midis/ravel/rav_gib.mid,http://www.piano-midi.de/midis/ravel/rav_gib_format0.mid,http://www.piano-midi.de/mp3/ravel/rav_gib.mp3,http://www.piano-midi.de/ogg/ravel/rav_gib.ogg
262,Gaspard de la Nuit(1908),3,http://www.piano-midi.de/midis/ravel/rav_scarbo.mid,http://www.piano-midi.de/midis/ravel/rav_scarbo_format0.mid,http://www.piano-midi.de/mp3/ravel/rav_scarbo.mp3,http://www.piano-midi.de/ogg/ravel/rav_scarbo.ogg
263,"Piano Sonata in D major, D 850, Opus 53(1825)",1,http://www.piano-midi.de/midis/schubert/schubert_D850_1.mid,http://www.piano-midi.de/midis/schubert/schubert_D850_1_format0.mid,http://www.piano-midi.de/mp3/schubert/schubert_D850_1.mp3,http://www.piano-midi.de/ogg/schubert/schubert_D850_1.ogg
264,"Piano Sonata in D major, D 850, Opus 53(1825)",2,http://www.piano-midi.de/midis/schubert/schubert_D850_2.mid,http://www.piano-midi.de/midis/schubert/schubert_D850_2_format0.mid,http://www.piano-midi.de/mp3/schubert/schubert_D850_2.mp3,http://www.piano-midi.de/ogg/schubert/schubert_D850_2.ogg
265,"Piano Sonata in D major, D 850, Opus 53(1825)",3,http://www.piano-midi.de/midis/schubert/schubert_D850_3.mid,http://www.piano-midi.de/midis/schubert/schubert_D850_3_format0.mid,http://www.piano-midi.de/mp3/schubert/schubert_D850_3.mp3,http://www.piano-midi.de/ogg/schubert/schubert_D850_3.ogg
266,"Piano Sonata in D major, D 850, Opus 53(1825)",4,http://www.piano-midi.de/midis/schubert/schubert_D850_4.mid,http://www.piano-midi.de/midis/schubert/schubert_D850_4_format0.mid,http://www.piano-midi.de/mp3/schubert/schubert_D850_4.mp3,http://www.piano-midi.de/ogg/schubert/schubert_D850_4.ogg
267,"Fantasia C major(Wanderer), D 760, Opus 15(1822)",1,http://www.piano-midi.de/midis/schubert/schub_d760_1.mid,http://www.piano-midi.de/midis/schubert/schub_d760_1_format0.mid,http://www.piano-midi.de/mp3/schubert/schub_d760_1.mp3,http://www.piano-midi.de/ogg/schubert/schub_d760_1.ogg
268,"Fantasia C major(Wanderer), D 760, Opus 15(1822)",2,http://www.piano-midi.de/midis/schubert/schub_d760_2.mid,http://www.piano-midi.de/midis/schubert/schub_d760_2_format0.mid,http://www.piano-midi.de/mp3/schubert/schub_d760_2.mp3,http://www.piano-midi.de/ogg/schubert/schub_d760_2.ogg
269,"Fantasia C major(Wanderer), D 760, Opus 15(1822)",3,http://www.piano-midi.de/midis/schubert/schub_d760_3.mid,http://www.piano-midi.de/midis/schubert/schub_d760_3_format0.mid,http://www.piano-midi.de/mp3/schubert/schub_d760_3.mp3,http://www.piano-midi.de/ogg/schubert/schub_d760_3.ogg
270,"Fantasia C major(Wanderer), D 760, Opus 15(1822)",4,http://www.piano-midi.de/midis/schubert/schub_d760_4.mid,http://www.piano-midi.de/midis/schubert/schub_d760_4_format0.mid,http://www.piano-midi.de/mp3/schubert/schub_d760_4.mp3,http://www.piano-midi.de/ogg/schubert/schub_d760_4.ogg
271,"6 Moments musicaux, D 780, Opus 94(1828)",1,http://www.piano-midi.de/midis/schubert/schumm-1.mid,http://www.piano-midi.de/midis/schubert/schumm-1_format0.mid,http://www.piano-midi.de/mp3/schubert/schumm-1.mp3,http://www.piano-midi.de/ogg/schubert/schumm-1.ogg
272,"6 Moments musicaux, D 780, Opus 94(1828)",2,http://www.piano-midi.de/midis/schubert/schumm-2.mid,http://www.piano-midi.de/midis/schubert/schumm-2_format0.mid,http://www.piano-midi.de/mp3/schubert/schumm-2.mp3,http://www.piano-midi.de/ogg/schubert/schumm-2.ogg
273,"6 Moments musicaux, D 780, Opus 94(1828)",3,http://www.piano-midi.de/midis/schubert/schumm-3.mid,http://www.piano-midi.de/midis/schubert/schumm-3_format0.mid,http://www.piano-midi.de/mp3/schubert/schumm-3.mp3,http://www.piano-midi.de/ogg/schubert/schumm-3.ogg
274,"6 Moments musicaux, D 780, Opus 94(1828)",4,http://www.piano-midi.de/midis/schubert/schumm-4.mid,http://www.piano-midi.de/midis/schubert/schumm-4_format0.mid,http://www.piano-midi.de/mp3/schubert/schumm-4.mp3,http://www.piano-midi.de/ogg/schubert/schumm-4.ogg
275,"6 Moments musicaux, D 780, Opus 94(1828)",5,http://www.piano-midi.de/midis/schubert/schumm-5.mid,http://www.piano-midi.de/midis/schubert/schumm-5_format0.mid,http://www.piano-midi.de/mp3/schubert/schumm-5.mp3,http://www.piano-midi.de/ogg/schubert/schumm-5.ogg
276,"6 Moments musicaux, D 780, Opus 94(1828)",6,http://www.piano-midi.de/midis/schubert/schumm-6.mid,http://www.piano-midi.de/midis/schubert/schumm-6_format0.mid,http://www.piano-midi.de/mp3/schubert/schumm-6.mp3,http://www.piano-midi.de/ogg/schubert/schumm-6.ogg
277,"Piano Sonata in A minor, D 784, Opus 143(1823)",1,http://www.piano-midi.de/midis/schubert/schu_143_1.mid,http://www.piano-midi.de/midis/schubert/schu_143_1_format0.mid,http://www.piano-midi.de/mp3/schubert/schu_143_1.mp3,http://www.piano-midi.de/ogg/schubert/schu_143_1.ogg
278,"Piano Sonata in A minor, D 784, Opus 143(1823)",2,http://www.piano-midi.de/midis/schubert/schu_143_2.mid,http://www.piano-midi.de/midis/schubert/schu_143_2_format0.mid,http://www.piano-midi.de/mp3/schubert/schu_143_2.mp3,http://www.piano-midi.de/ogg/schubert/schu_143_2.ogg
279,"Piano Sonata in A minor, D 784, Opus 143(1823)",3,http://www.piano-midi.de/midis/schubert/schu_143_3.mid,http://www.piano-midi.de/midis/schubert/schu_143_3_format0.mid,http://www.piano-midi.de/mp3/schubert/schu_143_3.mp3,http://www.piano-midi.de/ogg/schubert/schu_143_3.ogg
280,"4 Impromptus, D 899, Opus 90(1827)",1,http://www.piano-midi.de/midis/schubert/schuim-1.mid,http://www.piano-midi.de/midis/schubert/schuim-1_format0.mid,http://www.piano-midi.de/mp3/schubert/schuim-1.mp3,http://www.piano-midi.de/ogg/schubert/schuim-1.ogg
281,"4 Impromptus, D 899, Opus 90(1827)",2,http://www.piano-midi.de/midis/schubert/schuim-2.mid,http://www.piano-midi.de/midis/schubert/schuim-2_format0.mid,http://www.piano-midi.de/mp3/schubert/schuim-2.mp3,http://www.piano-midi.de/ogg/schubert/schuim-2.ogg
282,"4 Impromptus, D 899, Opus 90(1827)",3,http://www.piano-midi.de/midis/schubert/schuim-3.mid,http://www.piano-midi.de/midis/schubert/schuim-3_format0.mid,http://www.piano-midi.de/mp3/schubert/schuim-3.mp3,http://www.piano-midi.de/ogg/schubert/schuim-3.ogg
283,"4 Impromptus, D 899, Opus 90(1827)",4,http://www.piano-midi.de/midis/schubert/schuim-4.mid,http://www.piano-midi.de/midis/schubert/schuim-4_format0.mid,http://www.piano-midi.de/mp3/schubert/schuim-4.mp3,http://www.piano-midi.de/ogg/schubert/schuim-4.ogg
284,"4 Impromptus, D 935, Opus posth. 142",1,http://www.piano-midi.de/midis/schubert/schubert_d935_1.mid,http://www.piano-midi.de/midis/schubert/schubert_d935_1_format0.mid,http://www.piano-midi.de/mp3/schubert/schubert_d935_1.mp3,http://www.piano-midi.de/ogg/schubert/schubert_d935_1.ogg
285,"4 Impromptus, D 935, Opus posth. 142",2,http://www.piano-midi.de/midis/schubert/schubert_d935_2.mid,http://www.piano-midi.de/midis/schubert/schubert_d935_2_format0.mid,http://www.piano-midi.de/mp3/schubert/schubert_d935_2.mp3,http://www.piano-midi.de/ogg/schubert/schubert_d935_2.ogg
286,"4 Impromptus, D 935, Opus posth. 142",3,http://www.piano-midi.de/midis/schubert/schubert_d935_3.mid,http://www.piano-midi.de/midis/schubert/schubert_d935_3_format0.mid,http://www.piano-midi.de/mp3/schubert/schubert_d935_3.mp3,http://www.piano-midi.de/ogg/schubert/schubert_d935_3.ogg
287,"4 Impromptus, D 935, Opus posth. 142",4,http://www.piano-midi.de/midis/schubert/schubert_d935_4.mid,http://www.piano-midi.de/midis/schubert/schubert_d935_4_format0.mid,http://www.piano-midi.de/mp3/schubert/schubert_d935_4.mp3,http://www.piano-midi.de/ogg/schubert/schubert_d935_4.ogg
288,"Piano Sonata in Bb major, D 960(1828)",1,http://www.piano-midi.de/midis/schubert/schub_d960_1.mid,http://www.piano-midi.de/midis/schubert/schub_d960_1_format0.mid,http://www.piano-midi.de/mp3/schubert/schub_d960_1.mp3,http://www.piano-midi.de/ogg/schubert/schub_d960_1.ogg
289,"Piano Sonata in Bb major, D 960(1828)",2,http://www.piano-midi.de/midis/schubert/schub_d960_2.mid,http://www.piano-midi.de/midis/schubert/schub_d960_2_format0.mid,http://www.piano-midi.de/mp3/schubert/schub_d960_2.mp3,http://www.piano-midi.de/ogg/schubert/schub_d960_2.ogg
290,"Piano Sonata in Bb major, D 960(1828)",3,http://www.piano-midi.de/midis/schubert/schub_d960_3.mid,http://www.piano-midi.de/midis/schubert/schub_d960_3_format0.mid,http://www.piano-midi.de/mp3/schubert/schub_d960_3.mp3,http://www.piano-midi.de/ogg/schubert/schub_d960_3.ogg
291,"Piano Sonata in Bb major, D 960(1828)",4,http://www.piano-midi.de/midis/schubert/schub_d960_4.mid,http://www.piano-midi.de/midis/schubert/schub_d960_4_format0.mid,http://www.piano-midi.de/mp3/schubert/schub_d960_4.mp3,http://www.piano-midi.de/ogg/schubert/schub_d960_4.ogg
292,"Abegg Variations, Opus 1(1830)",1,http://www.piano-midi.de/midis/schumann/schum_abegg.mid,http://www.piano-midi.de/midis/schumann/schum_abegg_format0.mid,http://www.piano-midi.de/mp3/schumann/schum_abegg.mp3,http://www.piano-midi.de/ogg/schumann/schum_abegg.ogg
293,"Scenes from Childhood, Opus 15(1838)",1,http://www.piano-midi.de/midis/schumann/scn15_1.mid,http://www.piano-midi.de/midis/schumann/scn15_1_format0.mid,http://www.piano-midi.de/mp3/schumann/scn15_1.mp3,http://www.piano-midi.de/ogg/schumann/scn15_1.ogg
294,"Scenes from Childhood, Opus 15(1838)",2,http://www.piano-midi.de/midis/schumann/scn15_2.mid,http://www.piano-midi.de/midis/schumann/scn15_2_format0.mid,http://www.piano-midi.de/mp3/schumann/scn15_2.mp3,http://www.piano-midi.de/ogg/schumann/scn15_2.ogg
295,"Scenes from Childhood, Opus 15(1838)",3,http://www.piano-midi.de/midis/schumann/scn15_3.mid,http://www.piano-midi.de/midis/schumann/scn15_3_format0.mid,http://www.piano-midi.de/mp3/schumann/scn15_3.mp3,http://www.piano-midi.de/ogg/schumann/scn15_3.ogg
296,"Scenes from Childhood, Opus 15(1838)",4,http://www.piano-midi.de/midis/schumann/scn15_4.mid,http://www.piano-midi.de/midis/schumann/scn15_4_format0.mid,http://www.piano-midi.de/mp3/schumann/scn15_4.mp3,http://www.piano-midi.de/ogg/schumann/scn15_4.ogg
297,"Scenes from Childhood, Opus 15(1838)",5,http://www.piano-midi.de/midis/schumann/scn15_5.mid,http://www.piano-midi.de/midis/schumann/scn15_5_format0.mid,http://www.piano-midi.de/mp3/schumann/scn15_5.mp3,http://www.piano-midi.de/ogg/schumann/scn15_5.ogg
298,"Scenes from Childhood, Opus 15(1838)",6,http://www.piano-midi.de/midis/schumann/scn15_6.mid,http://www.piano-midi.de/midis/schumann/scn15_6_format0.mid,http://www.piano-midi.de/mp3/schumann/scn15_6.mp3,http://www.piano-midi.de/ogg/schumann/scn15_6.ogg
299,"Scenes from Childhood, Opus 15(1838)",7,http://www.piano-midi.de/midis/schumann/scn15_7.mid,http://www.piano-midi.de/midis/schumann/scn15_7_format0.mid,http://www.piano-midi.de/mp3/schumann/scn15_7.mp3,http://www.piano-midi.de/ogg/schumann/scn15_7.ogg
300,"Scenes from Childhood, Opus 15(1838)",8,http://www.piano-midi.de/midis/schumann/scn15_8.mid,http://www.piano-midi.de/midis/schumann/scn15_8_format0.mid,http://www.piano-midi.de/mp3/schumann/scn15_8.mp3,http://www.piano-midi.de/ogg/schumann/scn15_8.ogg
301,"Scenes from Childhood, Opus 15(1838)",9,http://www.piano-midi.de/midis/schumann/scn15_9.mid,http://www.piano-midi.de/midis/schumann/scn15_9_format0.mid,http://www.piano-midi.de/mp3/schumann/scn15_9.mp3,http://www.piano-midi.de/ogg/schumann/scn15_9.ogg
302,"Scenes from Childhood, Opus 15(1838)",10,http://www.piano-midi.de/midis/schumann/scn15_10.mid,http://www.piano-midi.de/midis/schumann/scn15_10_format0.mid,http://www.piano-midi.de/mp3/schumann/scn15_10.mp3,http://www.piano-midi.de/ogg/schumann/scn15_10.ogg
303,"Scenes from Childhood, Opus 15(1838)",11,http://www.piano-midi.de/midis/schumann/scn15_11.mid,http://www.piano-midi.de/midis/schumann/scn15_11_format0.mid,http://www.piano-midi.de/mp3/schumann/scn15_11.mp3,http://www.piano-midi.de/ogg/schumann/scn15_11.ogg
304,"Scenes from Childhood, Opus 15(1838)",12,http://www.piano-midi.de/midis/schumann/scn15_12.mid,http://www.piano-midi.de/midis/schumann/scn15_12_format0.mid,http://www.piano-midi.de/mp3/schumann/scn15_12.mp3,http://www.piano-midi.de/ogg/schumann/scn15_12.ogg
305,"Scenes from Childhood, Opus 15(1838)",13,http://www.piano-midi.de/midis/schumann/scn15_13.mid,http://www.piano-midi.de/midis/schumann/scn15_13_format0.mid,http://www.piano-midi.de/mp3/schumann/scn15_13.mp3,http://www.piano-midi.de/ogg/schumann/scn15_13.ogg
306,"Kreisleriana, Opus 16(1838)",1,http://www.piano-midi.de/midis/schumann/scn16_1.mid,http://www.piano-midi.de/midis/schumann/scn16_1_format0.mid,http://www.piano-midi.de/mp3/schumann/scn16_1.mp3,http://www.piano-midi.de/ogg/schumann/scn16_1.ogg
307,"Kreisleriana, Opus 16(1838)",2,http://www.piano-midi.de/midis/schumann/scn16_2.mid,http://www.piano-midi.de/midis/schumann/scn16_2_format0.mid,http://www.piano-midi.de/mp3/schumann/scn16_2.mp3,http://www.piano-midi.de/ogg/schumann/scn16_2.ogg
308,"Kreisleriana, Opus 16(1838)",3,http://www.piano-midi.de/midis/schumann/scn16_3.mid,http://www.piano-midi.de/midis/schumann/scn16_3_format0.mid,http://www.piano-midi.de/mp3/schumann/scn16_3.mp3,http://www.piano-midi.de/ogg/schumann/scn16_3.ogg
309,"Kreisleriana, Opus 16(1838)",4,http://www.piano-midi.de/midis/schumann/scn16_4.mid,http://www.piano-midi.de/midis/schumann/scn16_4_format0.mid,http://www.piano-midi.de/mp3/schumann/scn16_4.mp3,http://www.piano-midi.de/ogg/schumann/scn16_4.ogg
310,"Kreisleriana, Opus 16(1838)",5,http://www.piano-midi.de/midis/schumann/scn16_5.mid,http://www.piano-midi.de/midis/schumann/scn16_5_format0.mid,http://www.piano-midi.de/mp3/schumann/scn16_5.mp3,http://www.piano-midi.de/ogg/schumann/scn16_5.ogg
311,"Kreisleriana, Opus 16(1838)",6,http://www.piano-midi.de/midis/schumann/scn16_6.mid,http://www.piano-midi.de/midis/schumann/scn16_6_format0.mid,http://www.piano-midi.de/mp3/schumann/scn16_6.mp3,http://www.piano-midi.de/ogg/schumann/scn16_6.ogg
312,"Kreisleriana, Opus 16(1838)",7,http://www.piano-midi.de/midis/schumann/scn16_7.mid,http://www.piano-midi.de/midis/schumann/scn16_7_format0.mid,http://www.piano-midi.de/mp3/schumann/scn16_7.mp3,http://www.piano-midi.de/ogg/schumann/scn16_7.ogg
313,"Kreisleriana, Opus 16(1838)",8,http://www.piano-midi.de/midis/schumann/scn16_8.mid,http://www.piano-midi.de/midis/schumann/scn16_8_format0.mid,http://www.piano-midi.de/mp3/schumann/scn16_8.mp3,http://www.piano-midi.de/ogg/schumann/scn16_8.ogg
314,"Album for the young, Opus 68(1848)",1,http://www.piano-midi.de/midis/schumann/scn68_10.mid,http://www.piano-midi.de/midis/schumann/scn68_10_format0.mid,http://www.piano-midi.de/mp3/schumann/scn68_10.mp3,http://www.piano-midi.de/ogg/schumann/scn68_10.ogg
315,"Album for the young, Opus 68(1848)",2,http://www.piano-midi.de/midis/schumann/scn68_12.mid,http://www.piano-midi.de/midis/schumann/scn68_12_format.mid,http://www.piano-midi.de/mp3/schumann/scn68_12.mp3,http://www.piano-midi.de/ogg/schumann/scn68_12.ogg
316,"Rustle of spring, Opus 32 No. 3",1,http://www.piano-midi.de/midis/sinding/fruehlingsrauschen.mid,http://www.piano-midi.de/midis/sinding/fruehlingsrauschen_format0.mid,http://www.piano-midi.de/mp3/sinding/fruehlingsrauschen.mp3,http://www.piano-midi.de/ogg/sinding/fruehlingsrauschen.ogg
317,"The Seasons, Opus 37a(1876)",1,http://www.piano-midi.de/midis/tchaikovsky/ty_januar.mid,http://www.piano-midi.de/midis/tchaikovsky/ty_januar_format0.mid,http://www.piano-midi.de/mp3/tchaikovsky/ty_januar.mp3,http://www.piano-midi.de/ogg/tchaikovsky/ty_januar.ogg
318,"The Seasons, Opus 37a(1876)",2,http://www.piano-midi.de/midis/tchaikovsky/ty_februar.mid,http://www.piano-midi.de/midis/tchaikovsky/ty_februar_format0.mid,http://www.piano-midi.de/mp3/tchaikovsky/ty_februar.mp3,http://www.piano-midi.de/ogg/tchaikovsky/ty_februar.ogg
319,"The Seasons, Opus 37a(1876)",3,http://www.piano-midi.de/midis/tchaikovsky/ty_maerz.mid,http://www.piano-midi.de/midis/tchaikovsky/ty_maerz_format0.mid,http://www.piano-midi.de/mp3/tchaikovsky/ty_maerz.mp3,http://www.piano-midi.de/ogg/tchaikovsky/ty_maerz.ogg
320,"The Seasons, Opus 37a(1876)",4,http://www.piano-midi.de/midis/tchaikovsky/ty_april.mid,http://www.piano-midi.de/midis/tchaikovsky/ty_april_format0.mid,http://www.piano-midi.de/mp3/tchaikovsky/ty_april.mp3,http://www.piano-midi.de/ogg/tchaikovsky/ty_april.ogg
321,"The Seasons, Opus 37a(1876)",5,http://www.piano-midi.de/midis/tchaikovsky/ty_mai.mid,http://www.piano-midi.de/midis/tchaikovsky/ty_mai_format0.mid,http://www.piano-midi.de/mp3/tchaikovsky/ty_mai.mp3,http://www.piano-midi.de/ogg/tchaikovsky/ty_mai.ogg
322,"The Seasons, Opus 37a(1876)",6,http://www.piano-midi.de/midis/tchaikovsky/ty_juni.mid,http://www.piano-midi.de/midis/tchaikovsky/ty_juni_format0.mid,http://www.piano-midi.de/mp3/tchaikovsky/ty_juni.mp3,http://www.piano-midi.de/ogg/tchaikovsky/ty_juni.ogg
323,"The Seasons, Opus 37a(1876)",7,http://www.piano-midi.de/midis/tchaikovsky/ty_juli.mid,http://www.piano-midi.de/midis/tchaikovsky/ty_juli_format0.mid,http://www.piano-midi.de/mp3/tchaikovsky/ty_juli.mp3,http://www.piano-midi.de/ogg/tchaikovsky/ty_juli.ogg
324,"The Seasons, Opus 37a(1876)",8,http://www.piano-midi.de/midis/tchaikovsky/ty_august.mid,http://www.piano-midi.de/midis/tchaikovsky/ty_august_format0.mid,http://www.piano-midi.de/mp3/tchaikovsky/ty_august.mp3,http://www.piano-midi.de/ogg/tchaikovsky/ty_august.ogg
325,"The Seasons, Opus 37a(1876)",9,http://www.piano-midi.de/midis/tchaikovsky/ty_september.mid,http://www.piano-midi.de/midis/tchaikovsky/ty_september_format0.mid,http://www.piano-midi.de/mp3/tchaikovsky/ty_september.mp3,http://www.piano-midi.de/ogg/tchaikovsky/ty_september.ogg
326,"The Seasons, Opus 37a(1876)",10,http://www.piano-midi.de/midis/tchaikovsky/ty_oktober.mid,http://www.piano-midi.de/midis/tchaikovsky/ty_oktober_format0.mid,http://www.piano-midi.de/mp3/tchaikovsky/ty_oktober.mp3,http://www.piano-midi.de/ogg/tchaikovsky/ty_oktober.ogg
327,"The Seasons, Opus 37a(1876)",11,http://www.piano-midi.de/midis/tchaikovsky/ty_november.mid,http://www.piano-midi.de/midis/tchaikovsky/ty_november_format0.mid,http://www.piano-midi.de/mp3/tchaikovsky/ty_november.mp3,http://www.piano-midi.de/ogg/tchaikovsky/ty_november.ogg
328,"The Seasons, Opus 37a(1876)",12,http://www.piano-midi.de/midis/tchaikovsky/ty_dezember.mid,http://www.piano-midi.de/midis/tchaikovsky/ty_dezember_format0.mid,http://www.piano-midi.de/mp3/tchaikovsky/ty_dezember.mp3,http://www.piano-midi.de/ogg/tchaikovsky/ty_dezember.ogg
329,M. P. Heller: Joy of Christmas(Christmas Fantasia),1,http://www.piano-midi.de/midis/xmas/bk_xmas4.mid,http://www.piano-midi.de/midis/xmas/bk_xmas4_format0.mid,http://www.piano-midi.de/mp3/xmas/bk_xmas4.mp3,http://www.piano-midi.de/ogg/xmas/bk_xmas4.ogg
330,Ferd. Keller: Christmas Fantasia,1,http://www.piano-midi.de/midis/xmas/bk_xmas2.mid,http://www.piano-midi.de/midis/xmas/bk_xmas2_format0.mid,http://www.piano-midi.de/mp3/xmas/bk_xmas2.mp3,http://www.piano-midi.de/ogg/xmas/bk_xmas2.ogg
331,"Gustav Lange: To Christmas(Fantasia), Opus 172 No. 5",1,http://www.piano-midi.de/midis/xmas/bk_xmas5.mid,http://www.piano-midi.de/midis/xmas/bk_xmas5_format0.mid,http://www.piano-midi.de/mp3/xmas/bk_xmas5.mp3,http://www.piano-midi.de/ogg/xmas/bk_xmas5.ogg
332,"Robert Leonard: Christmas Fantasia, Opus 99",1,http://www.piano-midi.de/midis/xmas/bk_xmas3.mid,http://www.piano-midi.de/midis/xmas/bk_xmas3_format0.mid,http://www.piano-midi.de/mp3/xmas/bk_xmas3.mp3,http://www.piano-midi.de/ogg/xmas/bk_xmas3.ogg
333,"Heinrich Lichner: Fantasia of Silent Night, Holy Night, Opus 269, No. 3",1,http://www.piano-midi.de/midis/xmas/bk_xmas1.mid,http://www.piano-midi.de/midis/xmas/bk_xmas1_format0.mid,http://www.piano-midi.de/mp3/xmas/bk_xmas1.mp3,http://www.piano-midi.de/ogg/xmas/bk_xmas1.ogg
